Order ID,Order Date,Region,Product Category,Product,Quantity,Unit Price,Total Sales,Month,Customer ID,Repeat Customer,Quarter
1001,2022-04-13,East,Electronics,Chair,6,210.81,1264.86,2022-04,CUST0019,Yes,2022Q2
1002,2022-12-15,East,Office Supplies,Notebook,2,210.81,421.62,2022-12,CUST0195,No,2022Q4
1003,2022-09-28,North,Electronics,Phone,4,210.81,843.24,2022-09,CUST0175,No,2022Q3
1004,2022-04-17,South,Office Supplies,Monitor,3,210.81,632.43,2022-04,CUST0141,No,2022Q2
1005,2022-03-13,South,Electronics,Printer,7,210.81,1475.67,2022-03,CUST0246,No,2022Q1
1006,2022-07-08,West,Furniture,Pen,9,210.81,1574.75,2022-07,CUST0093,No,2022Q3
1007,2022-01-21,South,Office Supplies,Chair,5,210.81,1054.05,2022-01,CUST0239,No,2022Q1
1008,2022-04-13,North,Office Supplies,Printer,6,210.81,1264.86,2022-04,CUST0205,No,2022Q2
1009,2022-05-02,East,Office Supplies,Printer,2,210.81,421.62,2022-05,CUST0048,No,2022Q2
1010,2022-08-03,South,Office Supplies,Laptop,3,210.81,632.43,2022-08,CUST0245,Yes,2022Q3
1011,2022-11-27,West,Furniture,Phone,3,210.81,632.43,2022-11,CUST0295,No,2022Q4
1012,2022-03-29,South,Office Supplies,Chair,9,210.81,1897.29,2022-03,CUST0128,No,2022Q1
1013,2022-04-10,North,Furniture,Notebook,7,210.81,1475.67,2022-04,CUST0282,No,2022Q2
1014,2022-12-26,West,Furniture,Pen,8,210.81,1686.48,2022-12,CUST0017,No,2022Q4
1015,2022-06-01,South,Furniture,Chair,9,210.81,1897.29,2022-06,CUST0071,No,2022Q2
1016,2022-05-11,West,Furniture,Notebook,6,210.81,1264.86,2022-05,CUST0269,No,2022Q2
1017,2022-05-30,North,Electronics,Printer,4,210.81,843.24,2022-05,CUST0282,Yes,2022Q2
1018,2022-11-05,East,Electronics,Pen,1,210.81,210.81,2022-11,CUST0007,Yes,2022Q4
1019,2022-09-15,North,Office Supplies,Notebook,8,210.81,1686.48,2022-09,CUST0103,No,2022Q3
1020,2022-12-10,North,Electronics,Monitor,7,210.81,1475.67,2022-12,CUST0193,No,2022Q4
1021,2022-10-21,North,Electronics,Notebook,2,210.81,421.62,2022-10,CUST0241,No,2022Q4
1022,2022-07-11,North,Office Supplies,Laptop,8,210.81,1686.48,2022-07,CUST0062,Yes,2022Q3
1023,2022-10-04,East,Office Supplies,Phone,5,210.81,1054.05,2022-10,CUST0017,Yes,2022Q4
1024,2022-06-10,East,Office Supplies,Printer,7,210.81,1475.67,2022-06,CUST0171,No,2022Q2
1025,2022-11-10,West,Electronics,Notebook,4,210.81,843.24,2022-11,CUST0025,No,2022Q4
1026,2022-01-22,South,Electronics,Phone,5,210.81,1054.05,2022-01,CUST0251,Yes,2022Q1
1027,2022-09-10,East,Office Supplies,Desk,8,210.81,1686.48,2022-09,CUST0253,No,2022Q3
1028,2022-08-24,East,Furniture,Desk,1,210.81,210.81,2022-08,CUST0207,No,2022Q3
1029,2022-12-11,South,Office Supplies,Phone,1,210.81,210.81,2022-12,CUST0029,No,2022Q4
1030,2022-02-18,East,Furniture,Phone,4,210.81,843.24,2022-02,CUST0117,No,2022Q1
1031,2022-02-28,North,Furniture,Laptop,3,210.81,632.43,2022-02,CUST0282,Yes,2022Q1
1032,2022-06-19,North,Office Supplies,Monitor,2,210.81,421.62,2022-06,CUST0144,Yes,2022Q2
1033,2022-07-07,South,Office Supplies,Printer,3,210.81,632.43,2022-07,CUST0025,No,2022Q3
1034,2022-09-28,West,Office Supplies,Chair,1,210.81,174.97,2022-09,CUST0156,No,2022Q3
1035,2022-07-09,West,Electronics,Laptop,1,210.81,174.97,2022-07,CUST0073,No,2022Q3
1036,2022-06-24,South,Furniture,Monitor,6,210.81,1264.86,2022-06,CUST0120,No,2022Q2
1037,2022-02-20,South,Electronics,Phone,5,210.81,1054.05,2022-02,CUST0093,No,2022Q1
1038,2022-12-30,North,Electronics,Chair,8,210.81,1686.48,2022-12,CUST0086,No,2022Q4
1039,2022-02-24,West,Office Supplies,Phone,2,210.81,421.62,2022-02,CUST0118,No,2022Q1
1040,2022-09-01,East,Electronics,Phone,4,210.81,843.24,2022-09,CUST0233,No,2022Q3
1041,2022-11-16,North,Office Supplies,Desk,8,210.81,1686.48,2022-11,CUST0199,No,2022Q4
1042,2022-05-11,South,Furniture,Desk,6,210.81,1264.86,2022-05,CUST0206,No,2022Q2
1043,2022-11-03,West,Office Supplies,Chair,1,210.81,210.81,2022-11,CUST0147,No,2022Q4
1044,2022-05-15,East,Electronics,Laptop,4,210.81,843.24,2022-05,CUST0271,No,2022Q2
1045,2022-01-21,East,Electronics,Desk,1,210.81,210.81,2022-01,CUST0139,Yes,2022Q1
1046,2022-11-25,North,Office Supplies,Printer,2,210.81,421.62,2022-11,CUST0181,No,2022Q4
1047,2022-06-16,West,Office Supplies,Phone,5,210.81,1054.05,2022-06,CUST0030,No,2022Q2
1048,2022-10-01,West,Electronics,Pen,8,210.81,1686.48,2022-10,CUST0057,Yes,2022Q4
1049,2022-03-30,South,Furniture,Notebook,8,210.81,1686.48,2022-03,CUST0232,Yes,2022Q1
1050,2022-11-12,West,Furniture,Chair,3,210.81,632.43,2022-11,CUST0146,No,2022Q4
1051,2022-01-14,West,Office Supplies,Chair,4,210.81,843.24,2022-01,CUST0048,Yes,2022Q1
1052,2022-08-30,North,Furniture,Desk,6,210.81,1264.86,2022-08,CUST0194,No,2022Q3
1053,2022-09-22,West,Electronics,Laptop,3,210.81,524.92,2022-09,CUST0224,No,2022Q3
1054,2022-12-12,East,Office Supplies,Phone,2,210.81,421.62,2022-12,CUST0136,No,2022Q4
1055,2022-02-22,North,Electronics,Printer,6,210.81,1264.86,2022-02,CUST0022,No,2022Q1
1056,2022-12-06,North,Electronics,Laptop,5,210.81,1054.05,2022-12,CUST0006,No,2022Q4
1057,2022-04-02,South,Furniture,Monitor,5,210.81,1054.05,2022-04,CUST0204,No,2022Q2
1058,2022-09-21,West,Office Supplies,Monitor,5,210.81,874.86,2022-09,CUST0239,No,2022Q3
1059,2022-02-04,South,Office Supplies,Pen,5,210.81,1054.05,2022-02,CUST0185,No,2022Q1
1060,2022-07-25,East,Furniture,Desk,3,210.81,632.43,2022-07,CUST0292,No,2022Q3
1061,2022-03-22,North,Electronics,Desk,7,210.81,1475.67,2022-03,CUST0220,No,2022Q1
1062,2022-02-19,North,Electronics,Desk,6,210.81,1264.86,2022-02,CUST0116,No,2022Q1
1063,2022-12-26,North,Electronics,Pen,4,210.81,843.24,2022-12,CUST0049,Yes,2022Q4
1064,2022-01-02,East,Electronics,Monitor,2,210.81,421.62,2022-01,CUST0173,Yes,2022Q1
1065,2022-02-23,East,Office Supplies,Laptop,9,210.81,1897.29,2022-02,CUST0082,Yes,2022Q1
1066,2022-04-16,South,Office Supplies,Pen,1,210.81,210.81,2022-04,CUST0045,No,2022Q2
1067,2022-09-17,South,Furniture,Pen,4,210.81,843.24,2022-09,CUST0020,Yes,2022Q3
1068,2022-11-06,South,Furniture,Laptop,1,210.81,210.81,2022-11,CUST0221,No,2022Q4
1069,2022-07-10,West,Office Supplies,Desk,6,210.81,1049.83,2022-07,CUST0123,No,2022Q3
1070,2022-08-06,North,Office Supplies,Printer,4,210.81,843.24,2022-08,CUST0234,No,2022Q3
1071,2022-02-13,North,Electronics,Laptop,5,210.81,1054.05,2022-02,CUST0221,No,2022Q1
1072,2022-06-11,South,Electronics,Monitor,5,210.81,1054.05,2022-06,CUST0003,No,2022Q2
1073,2022-07-21,North,Furniture,Chair,9,210.81,1897.29,2022-07,CUST0182,No,2022Q3
1074,2022-09-27,South,Office Supplies,Phone,1,210.81,210.81,2022-09,CUST0206,Yes,2022Q3
1075,2022-12-17,West,Furniture,Chair,2,210.81,421.62,2022-12,CUST0040,No,2022Q4
1076,2022-10-31,West,Office Supplies,Notebook,6,210.81,1264.86,2022-10,CUST0059,No,2022Q4
1077,2022-09-28,East,Electronics,Notebook,5,210.81,1054.05,2022-09,CUST0062,Yes,2022Q3
1078,2022-08-03,West,Furniture,Pen,7,210.81,1224.81,2022-08,CUST0132,No,2022Q3
1079,2022-09-09,South,Furniture,Phone,3,210.81,632.43,2022-09,CUST0060,No,2022Q3
1080,2022-07-09,West,Office Supplies,Chair,3,210.81,524.92,2022-07,CUST0122,No,2022Q3
1081,2022-10-23,East,Electronics,Printer,2,210.81,421.62,2022-10,CUST0107,No,2022Q4
1082,2022-08-01,North,Furniture,Desk,3,210.81,632.43,2022-08,CUST0096,No,2022Q3
1083,2022-07-27,South,Electronics,Monitor,1,210.81,210.81,2022-07,CUST0235,No,2022Q3
1084,2022-08-25,North,Furniture,Notebook,5,210.81,1054.05,2022-08,CUST0062,No,2022Q3
1085,2022-12-04,East,Electronics,Printer,5,210.81,1054.05,2022-12,CUST0256,No,2022Q4
1086,2022-02-22,East,Office Supplies,Monitor,7,210.81,1475.67,2022-02,CUST0049,No,2022Q1
1087,2022-10-07,East,Furniture,Monitor,4,210.81,843.24,2022-10,CUST0159,No,2022Q4
1088,2022-08-05,North,Furniture,Desk,3,210.81,632.43,2022-08,CUST0124,No,2022Q3
1089,2022-09-09,North,Electronics,Phone,1,210.81,210.81,2022-09,CUST0207,Yes,2022Q3
1090,2022-07-07,North,Electronics,Pen,8,210.81,1686.48,2022-07,CUST0048,No,2022Q3
1091,2022-02-10,North,Furniture,Chair,3,210.81,632.43,2022-02,CUST0136,No,2022Q1
1092,2022-06-06,East,Office Supplies,Desk,2,210.81,421.62,2022-06,CUST0201,No,2022Q2
1093,2022-01-15,East,Electronics,Printer,4,210.81,843.24,2022-01,CUST0250,No,2022Q1
1094,2022-10-28,South,Electronics,Pen,3,210.81,632.43,2022-10,CUST0295,No,2022Q4
1095,2022-03-06,South,Electronics,Printer,1,210.81,210.81,2022-03,CUST0209,No,2022Q1
1096,2022-12-11,North,Furniture,Pen,3,210.81,632.43,2022-12,CUST0211,Yes,2022Q4
1097,2022-11-23,West,Furniture,Phone,2,210.81,421.62,2022-11,CUST0192,Yes,2022Q4
1098,2022-01-09,West,Furniture,Notebook,8,210.81,1686.48,2022-01,CUST0044,No,2022Q1
1099,2022-12-10,East,Furniture,Printer,6,210.81,1264.86,2022-12,CUST0029,Yes,2022Q4
1100,2022-05-09,East,Office Supplies,Desk,9,210.81,1897.29,2022-05,CUST0059,No,2022Q2
1101,2022-05-16,East,Office Supplies,Pen,8,210.81,1686.48,2022-05,CUST0071,No,2022Q2
1102,2022-03-04,South,Furniture,Pen,3,210.81,632.43,2022-03,CUST0092,No,2022Q1
1103,2022-05-19,South,Office Supplies,Monitor,5,210.81,1054.05,2022-05,CUST0265,No,2022Q2
1104,2022-03-22,East,Electronics,Monitor,7,210.81,1475.67,2022-03,CUST0220,Yes,2022Q1
1105,2022-06-12,East,Electronics,Laptop,5,210.81,1054.05,2022-06,CUST0215,No,2022Q2
1106,2022-10-16,East,Electronics,Printer,8,210.81,1686.48,2022-10,CUST0277,No,2022Q4
1107,2022-09-18,West,Furniture,Monitor,5,210.81,874.86,2022-09,CUST0064,Yes,2022Q3
1108,2022-08-19,South,Electronics,Laptop,1,210.81,210.81,2022-08,CUST0292,No,2022Q3
1109,2022-02-10,West,Office Supplies,Notebook,5,210.81,1054.05,2022-02,CUST0245,No,2022Q1
1110,2022-01-28,West,Furniture,Notebook,4,210.81,843.24,2022-01,CUST0062,No,2022Q1
1111,2022-05-15,East,Office Supplies,Monitor,6,210.81,1264.86,2022-05,CUST0170,Yes,2022Q2
1112,2022-07-20,East,Electronics,Printer,3,210.81,632.43,2022-07,CUST0269,Yes,2022Q3
1113,2022-11-24,North,Electronics,Pen,5,210.81,1054.05,2022-11,CUST0267,No,2022Q4
1114,2022-09-25,North,Electronics,Chair,2,210.81,421.62,2022-09,CUST0054,No,2022Q3
1115,2022-02-02,West,Furniture,Phone,6,210.81,1264.86,2022-02,CUST0016,No,2022Q1
1116,2022-02-17,South,Office Supplies,Printer,6,210.81,1264.86,2022-02,CUST0008,Yes,2022Q1
1117,2022-03-03,East,Furniture,Phone,5,210.81,1054.05,2022-03,CUST0104,No,2022Q1
1118,2022-08-04,East,Furniture,Desk,6,210.81,1264.86,2022-08,CUST0059,No,2022Q3
1119,2022-10-20,West,Electronics,Notebook,7,210.81,1475.67,2022-10,CUST0040,Yes,2022Q4
1120,2022-04-09,North,Furniture,Monitor,5,210.81,1054.05,2022-04,CUST0237,No,2022Q2
1121,2022-06-21,South,Furniture,Monitor,1,210.81,210.81,2022-06,CUST0094,No,2022Q2
1122,2022-12-26,North,Electronics,Phone,8,210.81,1686.48,2022-12,CUST0222,No,2022Q4
1123,2022-08-02,North,Furniture,Pen,4,210.81,843.24,2022-08,CUST0204,Yes,2022Q3
1124,2022-02-04,North,Electronics,Phone,9,210.81,1897.29,2022-02,CUST0138,No,2022Q1
1125,2022-08-15,North,Electronics,Desk,6,210.81,1264.86,2022-08,CUST0207,No,2022Q3
1126,2022-04-11,East,Electronics,Pen,1,210.81,210.81,2022-04,CUST0081,No,2022Q2
1127,2022-05-11,East,Electronics,Desk,3,210.81,632.43,2022-05,CUST0218,No,2022Q2
1128,2022-09-14,North,Furniture,Chair,3,210.81,632.43,2022-09,CUST0002,No,2022Q3
1129,2022-01-05,South,Electronics,Notebook,4,210.81,843.24,2022-01,CUST0178,No,2022Q1
1130,2022-08-06,West,Electronics,Monitor,6,210.81,1049.83,2022-08,CUST0279,Yes,2022Q3
1131,2022-09-12,South,Furniture,Monitor,7,210.81,1475.67,2022-09,CUST0146,No,2022Q3
1132,2022-12-25,South,Furniture,Chair,4,210.81,843.24,2022-12,CUST0224,No,2022Q4
1133,2022-10-10,South,Office Supplies,Laptop,6,210.81,1264.86,2022-10,CUST0062,No,2022Q4
1134,2022-07-26,North,Furniture,Notebook,1,210.81,210.81,2022-07,CUST0294,No,2022Q3
1135,2022-01-15,East,Furniture,Pen,8,210.81,1686.48,2022-01,CUST0239,Yes,2022Q1
1136,2022-12-12,South,Office Supplies,Chair,7,210.81,1475.67,2022-12,CUST0195,No,2022Q4
1137,2022-02-11,North,Furniture,Pen,9,210.81,1897.29,2022-02,CUST0166,No,2022Q1
1138,2022-06-28,South,Furniture,Phone,3,210.81,632.43,2022-06,CUST0222,No,2022Q2
1139,2022-03-04,South,Furniture,Printer,2,210.81,421.62,2022-03,CUST0061,No,2022Q1
1140,2022-12-18,North,Furniture,Monitor,1,210.81,210.81,2022-12,CUST0129,No,2022Q4
1141,2022-08-19,East,Office Supplies,Pen,3,210.81,632.43,2022-08,CUST0173,No,2022Q3
1142,2022-08-29,East,Furniture,Desk,5,210.81,1054.05,2022-08,CUST0156,Yes,2022Q3
1143,2022-02-21,West,Furniture,Pen,2,210.81,421.62,2022-02,CUST0110,Yes,2022Q1
1144,2022-04-06,North,Office Supplies,Printer,3,210.81,632.43,2022-04,CUST0269,No,2022Q2
1145,2022-08-10,West,Electronics,Notebook,4,210.81,699.89,2022-08,CUST0278,Yes,2022Q3
1146,2022-08-19,West,Office Supplies,Monitor,7,210.81,1224.81,2022-08,CUST0074,No,2022Q3
1147,2022-08-25,West,Electronics,Phone,3,210.81,524.92,2022-08,CUST0207,No,2022Q3
1148,2022-05-23,East,Office Supplies,Chair,9,210.81,1897.29,2022-05,CUST0279,No,2022Q2
1149,2022-06-20,North,Office Supplies,Phone,8,210.81,1686.48,2022-06,CUST0204,No,2022Q2
1150,2022-01-29,West,Furniture,Printer,4,210.81,843.24,2022-01,CUST0161,No,2022Q1
1151,2022-02-05,North,Electronics,Monitor,1,210.81,210.81,2022-02,CUST0028,No,2022Q1
1152,2022-01-13,North,Furniture,Pen,1,210.81,210.81,2022-01,CUST0257,No,2022Q1
1153,2022-06-09,East,Electronics,Notebook,1,210.81,210.81,2022-06,CUST0165,No,2022Q2
1154,2022-11-23,West,Office Supplies,Laptop,1,210.81,210.81,2022-11,CUST0063,No,2022Q4
1155,2022-07-06,West,Office Supplies,Notebook,8,210.81,1399.78,2022-07,CUST0022,Yes,2022Q3
1156,2022-08-31,North,Electronics,Laptop,3,210.81,632.43,2022-08,CUST0070,No,2022Q3
1157,2022-03-27,South,Furniture,Desk,6,210.81,1264.86,2022-03,CUST0096,No,2022Q1
1158,2022-10-11,East,Furniture,Notebook,3,210.81,632.43,2022-10,CUST0163,No,2022Q4
1159,2022-03-07,East,Furniture,Monitor,5,210.81,1054.05,2022-03,CUST0079,No,2022Q1
1160,2022-06-19,East,Furniture,Laptop,7,210.81,1475.67,2022-06,CUST0005,Yes,2022Q2
1161,2022-02-14,East,Office Supplies,Chair,2,210.81,421.62,2022-02,CUST0120,No,2022Q1
1162,2022-03-03,West,Office Supplies,Monitor,6,210.81,1264.86,2022-03,CUST0178,No,2022Q1
1163,2022-05-14,West,Office Supplies,Chair,6,210.81,1264.86,2022-05,CUST0176,Yes,2022Q2
1164,2022-10-11,South,Office Supplies,Notebook,3,210.81,632.43,2022-10,CUST0217,No,2022Q4
1165,2022-01-28,East,Office Supplies,Chair,6,210.81,1264.86,2022-01,CUST0056,No,2022Q1
1166,2022-04-18,East,Furniture,Laptop,5,210.81,1054.05,2022-04,CUST0187,No,2022Q2
1167,2022-02-13,North,Furniture,Monitor,2,210.81,421.62,2022-02,CUST0232,Yes,2022Q1
1168,2022-12-06,West,Furniture,Pen,9,210.81,1897.29,2022-12,CUST0255,No,2022Q4
1169,2022-10-13,East,Furniture,Printer,8,210.81,1686.48,2022-10,CUST0104,No,2022Q4
1170,2022-11-27,South,Office Supplies,Laptop,3,210.81,632.43,2022-11,CUST0077,No,2022Q4
1171,2022-05-08,South,Office Supplies,Laptop,8,210.81,1686.48,2022-05,CUST0230,No,2022Q2
1172,2022-12-14,West,Office Supplies,Pen,9,210.81,1897.29,2022-12,CUST0258,No,2022Q4
1173,2022-08-19,South,Electronics,Monitor,3,210.81,632.43,2022-08,CUST0264,No,2022Q3
1174,2022-07-09,South,Furniture,Monitor,3,210.81,632.43,2022-07,CUST0182,No,2022Q3
1175,2022-08-13,West,Furniture,Phone,2,210.81,349.94,2022-08,CUST0256,Yes,2022Q3
1176,2022-10-10,East,Office Supplies,Notebook,8,210.81,1686.48,2022-10,CUST0038,Yes,2022Q4
1177,2022-05-01,East,Furniture,Chair,1,210.81,210.81,2022-05,CUST0176,No,2022Q2
1178,2022-04-26,South,Furniture,Notebook,8,210.81,1686.48,2022-04,CUST0027,Yes,2022Q2
1179,2022-08-21,South,Office Supplies,Pen,7,210.81,1475.67,2022-08,CUST0276,No,2022Q3
1180,2022-09-16,East,Electronics,Notebook,7,210.81,1475.67,2022-09,CUST0140,No,2022Q3
1181,2022-12-25,West,Electronics,Pen,3,210.81,632.43,2022-12,CUST0299,No,2022Q4
1182,2022-07-17,South,Electronics,Monitor,1,210.81,210.81,2022-07,CUST0287,Yes,2022Q3
1183,2022-05-17,North,Office Supplies,Chair,4,210.81,843.24,2022-05,CUST0091,Yes,2022Q2
1184,2022-11-14,West,Furniture,Notebook,9,210.81,1897.29,2022-11,CUST0061,No,2022Q4
1185,2022-06-14,South,Office Supplies,Laptop,5,210.81,1054.05,2022-06,CUST0163,Yes,2022Q2
1186,2022-08-13,South,Office Supplies,Desk,1,210.81,210.81,2022-08,CUST0143,No,2022Q3
1187,2022-11-03,North,Furniture,Phone,5,210.81,1054.05,2022-11,CUST0253,Yes,2022Q4
1188,2022-08-22,North,Electronics,Printer,8,210.81,1686.48,2022-08,CUST0269,Yes,2022Q3
1189,2022-06-21,East,Electronics,Laptop,8,210.81,1686.48,2022-06,CUST0291,No,2022Q2
1190,2022-06-01,West,Office Supplies,Monitor,5,210.81,1054.05,2022-06,CUST0187,Yes,2022Q2
1191,2022-11-11,West,Electronics,Printer,9,210.81,1897.29,2022-11,CUST0291,No,2022Q4
1192,2022-06-09,East,Office Supplies,Desk,1,210.81,210.81,2022-06,CUST0086,No,2022Q2
1193,2022-04-06,West,Office Supplies,Desk,4,210.81,843.24,2022-04,CUST0166,No,2022Q2
1194,2022-08-21,West,Furniture,Chair,3,210.81,524.92,2022-08,CUST0114,No,2022Q3
1195,2022-06-29,West,Furniture,Printer,2,210.81,421.62,2022-06,CUST0183,Yes,2022Q2
1196,2022-04-23,West,Furniture,Chair,8,210.81,1686.48,2022-04,CUST0207,No,2022Q2
1197,2022-11-14,West,Office Supplies,Laptop,7,210.81,1475.67,2022-11,CUST0256,No,2022Q4
1198,2022-02-21,North,Furniture,Pen,9,210.81,1897.29,2022-02,CUST0235,Yes,2022Q1
1199,2022-09-25,West,Electronics,Pen,2,210.81,349.94,2022-09,CUST0003,Yes,2022Q3
1200,2022-10-22,North,Electronics,Pen,4,210.81,843.24,2022-10,CUST0208,No,2022Q4
1201,2022-04-23,West,Office Supplies,Printer,6,210.81,1264.86,2022-04,CUST0197,Yes,2022Q2
1202,2022-04-11,East,Office Supplies,Pen,3,210.81,632.43,2022-04,CUST0125,No,2022Q2
1203,2022-04-23,South,Furniture,Laptop,8,210.81,1686.48,2022-04,CUST0138,Yes,2022Q2
1204,2022-03-22,North,Office Supplies,Chair,3,210.81,632.43,2022-03,CUST0025,No,2022Q1
1205,2022-07-06,West,Office Supplies,Printer,2,210.81,349.94,2022-07,CUST0068,No,2022Q3
1206,2022-04-23,East,Electronics,Chair,3,210.81,632.43,2022-04,CUST0061,No,2022Q2
1207,2022-01-02,South,Electronics,Printer,6,210.81,1264.86,2022-01,CUST0029,No,2022Q1
1208,2022-05-10,North,Furniture,Chair,2,210.81,421.62,2022-05,CUST0019,No,2022Q2
1209,2022-08-08,South,Office Supplies,Desk,8,210.81,1686.48,2022-08,CUST0171,No,2022Q3
1210,2022-02-23,East,Office Supplies,Chair,1,210.81,210.81,2022-02,CUST0074,No,2022Q1
1211,2022-12-09,North,Electronics,Pen,7,210.81,1475.67,2022-12,CUST0061,Yes,2022Q4
1212,2022-08-12,South,Office Supplies,Desk,2,210.81,421.62,2022-08,CUST0153,No,2022Q3
1213,2022-08-13,West,Electronics,Chair,6,210.81,1049.83,2022-08,CUST0276,No,2022Q3
1214,2022-05-06,North,Furniture,Printer,2,210.81,421.62,2022-05,CUST0048,No,2022Q2
1215,2022-05-10,South,Electronics,Printer,2,210.81,421.62,2022-05,CUST0211,No,2022Q2
1216,2022-02-22,East,Office Supplies,Phone,8,210.81,1686.48,2022-02,CUST0139,Yes,2022Q1
1217,2022-06-21,East,Furniture,Printer,2,210.81,421.62,2022-06,CUST0110,Yes,2022Q2
1218,2022-08-06,North,Electronics,Monitor,7,210.81,1475.67,2022-08,CUST0183,No,2022Q3
1219,2022-06-09,South,Electronics,Laptop,3,210.81,632.43,2022-06,CUST0028,No,2022Q2
1220,2022-07-17,North,Furniture,Printer,8,210.81,1686.48,2022-07,CUST0197,Yes,2022Q3
1221,2022-09-04,North,Furniture,Desk,7,210.81,1475.67,2022-09,CUST0191,No,2022Q3
1222,2022-11-20,South,Electronics,Phone,8,210.81,1686.48,2022-11,CUST0051,Yes,2022Q4
1223,2022-07-22,South,Office Supplies,Printer,7,210.81,1475.67,2022-07,CUST0149,No,2022Q3
1224,2022-07-03,West,Electronics,Monitor,6,210.81,1049.83,2022-07,CUST0268,Yes,2022Q3
1225,2022-05-03,South,Furniture,Pen,7,210.81,1475.67,2022-05,CUST0050,No,2022Q2
1226,2022-09-12,East,Electronics,Desk,5,210.81,1054.05,2022-09,CUST0246,No,2022Q3
1227,2022-10-21,North,Furniture,Monitor,7,210.81,1475.67,2022-10,CUST0113,Yes,2022Q4
1228,2022-10-07,North,Furniture,Pen,1,210.81,210.81,2022-10,CUST0170,No,2022Q4
1229,2022-11-21,East,Office Supplies,Notebook,1,210.81,210.81,2022-11,CUST0166,No,2022Q4
1230,2022-04-08,South,Furniture,Notebook,9,210.81,1897.29,2022-04,CUST0014,No,2022Q2
1231,2022-07-17,East,Furniture,Desk,5,210.81,1054.05,2022-07,CUST0203,No,2022Q3
1232,2022-08-28,East,Office Supplies,Chair,5,210.81,1054.05,2022-08,CUST0288,No,2022Q3
1233,2022-05-24,West,Furniture,Laptop,3,210.81,632.43,2022-05,CUST0189,No,2022Q2
1234,2022-04-07,East,Office Supplies,Phone,5,210.81,1054.05,2022-04,CUST0155,No,2022Q2
1235,2022-07-20,North,Office Supplies,Laptop,3,210.81,632.43,2022-07,CUST0055,No,2022Q3
1236,2022-05-04,East,Furniture,Monitor,9,210.81,1897.29,2022-05,CUST0182,Yes,2022Q2
1237,2022-07-06,North,Furniture,Pen,9,210.81,1897.29,2022-07,CUST0210,No,2022Q3
1238,2022-11-22,North,Electronics,Laptop,6,210.81,1264.86,2022-11,CUST0075,No,2022Q4
1239,2022-12-15,North,Office Supplies,Pen,1,210.81,210.81,2022-12,CUST0277,No,2022Q4
1240,2022-09-16,South,Electronics,Pen,7,210.81,1475.67,2022-09,CUST0133,No,2022Q3
1241,2022-05-28,West,Furniture,Monitor,7,210.81,1475.67,2022-05,CUST0059,No,2022Q2
1242,2022-09-09,North,Electronics,Monitor,4,210.81,843.24,2022-09,CUST0182,No,2022Q3
1243,2022-12-12,North,Office Supplies,Monitor,8,210.81,1686.48,2022-12,CUST0064,No,2022Q4
1244,2022-05-27,South,Electronics,Laptop,6,210.81,1264.86,2022-05,CUST0260,No,2022Q2
1245,2022-05-28,North,Office Supplies,Notebook,4,210.81,843.24,2022-05,CUST0193,No,2022Q2
1246,2022-12-18,East,Furniture,Monitor,4,210.81,843.24,2022-12,CUST0143,No,2022Q4
1247,2022-07-18,East,Furniture,Phone,2,210.81,421.62,2022-07,CUST0104,No,2022Q3
1248,2022-11-04,West,Office Supplies,Laptop,2,210.81,421.62,2022-11,CUST0214,No,2022Q4
1249,2022-05-08,North,Furniture,Monitor,4,210.81,843.24,2022-05,CUST0242,No,2022Q2
1250,2022-02-08,South,Furniture,Printer,5,210.81,1054.05,2022-02,CUST0209,No,2022Q1
1251,2022-12-04,East,Furniture,Pen,8,210.81,1686.48,2022-12,CUST0093,Yes,2022Q4
1252,2022-12-26,South,Furniture,Phone,6,210.81,1264.86,2022-12,CUST0142,No,2022Q4
1253,2022-05-09,South,Office Supplies,Monitor,4,210.81,843.24,2022-05,CUST0112,No,2022Q2
1254,2022-09-24,East,Electronics,Desk,7,210.81,1475.67,2022-09,CUST0059,No,2022Q3
1255,2022-05-31,South,Electronics,Pen,8,210.81,1686.48,2022-05,CUST0043,No,2022Q2
1256,2022-10-25,East,Furniture,Pen,2,210.81,421.62,2022-10,CUST0207,No,2022Q4
1257,2022-04-09,South,Electronics,Monitor,7,210.81,1475.67,2022-04,CUST0268,No,2022Q2
1258,2022-09-20,East,Electronics,Notebook,2,210.81,421.62,2022-09,CUST0296,Yes,2022Q3
1259,2022-09-09,North,Furniture,Chair,2,210.81,421.62,2022-09,CUST0118,No,2022Q3
1260,2022-05-24,West,Furniture,Notebook,8,210.81,1686.48,2022-05,CUST0020,Yes,2022Q2
1261,2022-12-12,East,Electronics,Monitor,2,210.81,421.62,2022-12,CUST0222,No,2022Q4
1262,2022-04-22,East,Office Supplies,Pen,9,210.81,1897.29,2022-04,CUST0166,No,2022Q2
1263,2022-03-01,West,Furniture,Phone,1,210.81,210.81,2022-03,CUST0131,No,2022Q1
1264,2022-01-02,East,Office Supplies,Desk,9,210.81,1897.29,2022-01,CUST0156,No,2022Q1
1265,2022-10-31,East,Electronics,Phone,1,210.81,210.81,2022-10,CUST0184,No,2022Q4
1266,2022-09-11,South,Furniture,Phone,2,210.81,421.62,2022-09,CUST0090,No,2022Q3
1267,2022-05-20,West,Office Supplies,Pen,6,210.81,1264.86,2022-05,CUST0094,No,2022Q2
1268,2022-02-06,North,Furniture,Notebook,6,210.81,1264.86,2022-02,CUST0013,Yes,2022Q1
1269,2022-06-09,East,Electronics,Desk,1,210.81,210.81,2022-06,CUST0293,Yes,2022Q2
1270,2022-01-09,West,Office Supplies,Laptop,7,210.81,1475.67,2022-01,CUST0230,No,2022Q1
1271,2022-08-21,South,Electronics,Printer,8,210.81,1686.48,2022-08,CUST0292,No,2022Q3
1272,2022-04-09,North,Electronics,Pen,2,210.81,421.62,2022-04,CUST0026,No,2022Q2
1273,2022-05-27,West,Furniture,Monitor,8,210.81,1686.48,2022-05,CUST0075,No,2022Q2
1274,2022-10-31,North,Office Supplies,Laptop,9,210.81,1897.29,2022-10,CUST0299,No,2022Q4
1275,2022-07-27,North,Electronics,Printer,6,210.81,1264.86,2022-07,CUST0150,No,2022Q3
1276,2022-05-11,North,Electronics,Monitor,5,210.81,1054.05,2022-05,CUST0148,No,2022Q2
1277,2022-06-01,East,Office Supplies,Phone,9,210.81,1897.29,2022-06,CUST0008,No,2022Q2
1278,2022-02-23,East,Electronics,Chair,9,210.81,1897.29,2022-02,CUST0029,Yes,2022Q1
1279,2022-04-30,South,Electronics,Monitor,1,210.81,210.81,2022-04,CUST0296,No,2022Q2
1280,2022-06-10,South,Office Supplies,Desk,3,210.81,632.43,2022-06,CUST0209,Yes,2022Q2
1281,2022-04-26,West,Office Supplies,Desk,9,210.81,1897.29,2022-04,CUST0128,No,2022Q2
1282,2022-03-16,South,Office Supplies,Chair,2,210.81,421.62,2022-03,CUST0116,No,2022Q1
1283,2022-04-23,North,Office Supplies,Laptop,4,210.81,843.24,2022-04,CUST0144,No,2022Q2
1284,2022-04-14,North,Furniture,Printer,4,210.81,843.24,2022-04,CUST0235,No,2022Q2
1285,2022-12-06,East,Office Supplies,Monitor,2,210.81,421.62,2022-12,CUST0007,No,2022Q4
1286,2022-09-11,North,Furniture,Desk,3,210.81,632.43,2022-09,CUST0045,No,2022Q3
1287,2022-08-15,West,Furniture,Laptop,3,210.81,524.92,2022-08,CUST0239,No,2022Q3
1288,2022-04-22,North,Furniture,Chair,1,210.81,210.81,2022-04,CUST0155,No,2022Q2
1289,2022-04-09,North,Electronics,Notebook,6,210.81,1264.86,2022-04,CUST0181,No,2022Q2
1290,2022-06-02,West,Furniture,Pen,8,210.81,1686.48,2022-06,CUST0215,No,2022Q2
1291,2022-12-15,South,Furniture,Notebook,3,210.81,632.43,2022-12,CUST0088,No,2022Q4
1292,2022-12-04,South,Electronics,Notebook,5,210.81,1054.05,2022-12,CUST0256,No,2022Q4
1293,2022-07-13,West,Electronics,Desk,1,210.81,174.97,2022-07,CUST0073,No,2022Q3
1294,2022-11-06,East,Electronics,Phone,7,210.81,1475.67,2022-11,CUST0179,No,2022Q4
1295,2022-06-12,North,Office Supplies,Phone,1,210.81,210.81,2022-06,CUST0212,Yes,2022Q2
1296,2022-07-27,West,Electronics,Chair,9,210.81,1574.75,2022-07,CUST0293,No,2022Q3
1297,2022-06-18,North,Electronics,Monitor,8,210.81,1686.48,2022-06,CUST0234,Yes,2022Q2
1298,2022-06-10,East,Furniture,Phone,7,210.81,1475.67,2022-06,CUST0239,No,2022Q2
1299,2022-03-09,North,Electronics,Notebook,7,210.81,1475.67,2022-03,CUST0223,No,2022Q1
1300,2022-10-16,West,Office Supplies,Phone,5,210.81,1054.05,2022-10,CUST0119,No,2022Q4
1301,2022-10-04,North,Electronics,Notebook,5,210.81,1054.05,2022-10,CUST0264,No,2022Q4
1302,2022-10-31,South,Office Supplies,Printer,5,210.81,1054.05,2022-10,CUST0207,No,2022Q4
1303,2022-05-15,East,Electronics,Desk,1,210.81,210.81,2022-05,CUST0095,Yes,2022Q2
1304,2022-07-14,East,Electronics,Desk,8,210.81,1686.48,2022-07,CUST0222,No,2022Q3
1305,2022-05-08,East,Electronics,Monitor,1,210.81,210.81,2022-05,CUST0276,No,2022Q2
1306,2022-02-02,West,Electronics,Phone,4,210.81,843.24,2022-02,CUST0231,No,2022Q1
1307,2022-06-25,East,Office Supplies,Phone,9,210.81,1897.29,2022-06,CUST0119,Yes,2022Q2
1308,2022-01-22,South,Office Supplies,Pen,9,210.81,1897.29,2022-01,CUST0268,No,2022Q1
1309,2022-08-26,West,Furniture,Laptop,5,210.81,874.86,2022-08,CUST0273,No,2022Q3
1310,2022-06-07,South,Office Supplies,Printer,4,210.81,843.24,2022-06,CUST0064,No,2022Q2
1311,2022-02-07,North,Electronics,Desk,3,210.81,632.43,2022-02,CUST0298,Yes,2022Q1
1312,2022-08-18,North,Furniture,Printer,3,210.81,632.43,2022-08,CUST0011,Yes,2022Q3
1313,2022-12-31,North,Furniture,Desk,5,210.81,1054.05,2022-12,CUST0098,No,2022Q4
1314,2022-02-20,North,Furniture,Printer,1,210.81,210.81,2022-02,CUST0071,Yes,2022Q1
1315,2022-09-21,South,Electronics,Chair,5,210.81,1054.05,2022-09,CUST0058,Yes,2022Q3
1316,2022-10-10,West,Office Supplies,Notebook,6,210.81,1264.86,2022-10,CUST0290,No,2022Q4
1317,2022-01-27,West,Electronics,Desk,7,210.81,1475.67,2022-01,CUST0251,No,2022Q1
1318,2022-08-14,East,Furniture,Printer,9,210.81,1897.29,2022-08,CUST0276,No,2022Q3
1319,2022-10-04,South,Electronics,Phone,3,210.81,632.43,2022-10,CUST0050,Yes,2022Q4
1320,2022-10-13,North,Electronics,Laptop,2,210.81,421.62,2022-10,CUST0216,No,2022Q4
1321,2022-04-07,South,Office Supplies,Chair,3,210.81,632.43,2022-04,CUST0052,Yes,2022Q2
1322,2022-10-11,East,Office Supplies,Chair,9,210.81,1897.29,2022-10,CUST0271,No,2022Q4
1323,2022-11-13,East,Furniture,Laptop,7,210.81,1475.67,2022-11,CUST0084,Yes,2022Q4
1324,2022-10-31,South,Electronics,Printer,9,210.81,1897.29,2022-10,CUST0293,No,2022Q4
1325,2022-05-27,South,Electronics,Phone,2,210.81,421.62,2022-05,CUST0126,No,2022Q2
1326,2022-01-04,South,Office Supplies,Monitor,5,210.81,1054.05,2022-01,CUST0296,Yes,2022Q1
1327,2022-02-04,West,Electronics,Laptop,4,210.81,843.24,2022-02,CUST0072,Yes,2022Q1
1328,2022-07-11,North,Electronics,Printer,2,210.81,421.62,2022-07,CUST0296,Yes,2022Q3
1329,2022-02-18,South,Electronics,Laptop,9,210.81,1897.29,2022-02,CUST0236,No,2022Q1
1330,2022-01-17,South,Office Supplies,Laptop,9,210.81,1897.29,2022-01,CUST0056,No,2022Q1
1331,2022-06-21,South,Furniture,Desk,6,210.81,1264.86,2022-06,CUST0110,No,2022Q2
1332,2022-08-08,East,Furniture,Printer,6,210.81,1264.86,2022-08,CUST0192,No,2022Q3
1333,2022-06-07,East,Electronics,Monitor,8,210.81,1686.48,2022-06,CUST0093,No,2022Q2
1334,2022-02-15,West,Furniture,Notebook,6,210.81,1264.86,2022-02,CUST0056,No,2022Q1
1335,2022-01-06,North,Office Supplies,Desk,1,210.81,210.81,2022-01,CUST0060,No,2022Q1
1336,2022-04-09,West,Office Supplies,Laptop,4,210.81,843.24,2022-04,CUST0138,Yes,2022Q2
1337,2022-08-21,North,Furniture,Notebook,7,210.81,1475.67,2022-08,CUST0039,No,2022Q3
1338,2022-02-06,East,Furniture,Pen,2,210.81,421.62,2022-02,CUST0028,No,2022Q1
1339,2022-10-07,East,Electronics,Notebook,9,210.81,1897.29,2022-10,CUST0049,No,2022Q4
1340,2022-12-15,East,Furniture,Laptop,8,210.81,1686.48,2022-12,CUST0125,No,2022Q4
1341,2022-10-29,West,Electronics,Laptop,8,210.81,1686.48,2022-10,CUST0013,No,2022Q4
1342,2022-06-30,South,Electronics,Phone,7,210.81,1475.67,2022-06,CUST0036,Yes,2022Q2
1343,2022-04-05,South,Office Supplies,Printer,4,210.81,843.24,2022-04,CUST0101,Yes,2022Q2
1344,2022-04-09,East,Office Supplies,Printer,2,210.81,421.62,2022-04,CUST0282,Yes,2022Q2
1345,2022-07-07,South,Office Supplies,Desk,3,210.81,632.43,2022-07,CUST0086,Yes,2022Q3
1346,2022-04-26,South,Office Supplies,Monitor,6,210.81,1264.86,2022-04,CUST0004,No,2022Q2
1347,2022-07-10,West,Furniture,Desk,5,210.81,874.86,2022-07,CUST0223,No,2022Q3
1348,2022-09-10,North,Office Supplies,Chair,8,210.81,1686.48,2022-09,CUST0166,No,2022Q3
1349,2022-06-10,East,Furniture,Laptop,6,210.81,1264.86,2022-06,CUST0278,No,2022Q2
1350,2022-09-13,East,Office Supplies,Notebook,6,210.81,1264.86,2022-09,CUST0130,No,2022Q3
1351,2022-11-19,West,Furniture,Pen,1,210.81,210.81,2022-11,CUST0031,No,2022Q4
1352,2022-05-08,West,Electronics,Laptop,4,210.81,843.24,2022-05,CUST0011,No,2022Q2
1353,2022-01-18,South,Furniture,Laptop,5,210.81,1054.05,2022-01,CUST0096,No,2022Q1
1354,2022-10-08,East,Furniture,Desk,3,210.81,632.43,2022-10,CUST0190,No,2022Q4
1355,2022-08-11,North,Office Supplies,Pen,9,210.81,1897.29,2022-08,CUST0192,No,2022Q3
1356,2022-02-23,West,Furniture,Pen,1,210.81,210.81,2022-02,CUST0266,No,2022Q1
1357,2022-02-27,North,Electronics,Pen,6,210.81,1264.86,2022-02,CUST0128,No,2022Q1
1358,2022-11-19,North,Electronics,Desk,6,210.81,1264.86,2022-11,CUST0238,No,2022Q4
1359,2022-12-26,East,Office Supplies,Laptop,5,210.81,1054.05,2022-12,CUST0112,Yes,2022Q4
1360,2022-06-23,East,Electronics,Desk,5,210.81,1054.05,2022-06,CUST0145,No,2022Q2
1361,2022-10-07,West,Furniture,Printer,5,210.81,1054.05,2022-10,CUST0065,No,2022Q4
1362,2022-04-24,East,Electronics,Printer,6,210.81,1264.86,2022-04,CUST0247,Yes,2022Q2
1363,2022-10-15,East,Office Supplies,Desk,8,210.81,1686.48,2022-10,CUST0223,No,2022Q4
1364,2022-12-08,East,Furniture,Pen,2,210.81,421.62,2022-12,CUST0106,No,2022Q4
1365,2022-05-31,North,Office Supplies,Phone,6,210.81,1264.86,2022-05,CUST0181,No,2022Q2
1366,2022-05-07,West,Furniture,Laptop,1,210.81,210.81,2022-05,CUST0184,No,2022Q2
1367,2022-06-04,South,Electronics,Desk,4,210.81,843.24,2022-06,CUST0226,Yes,2022Q2
1368,2022-09-30,North,Office Supplies,Desk,3,210.81,632.43,2022-09,CUST0265,Yes,2022Q3
1369,2022-04-14,East,Office Supplies,Desk,9,210.81,1897.29,2022-04,CUST0278,No,2022Q2
1370,2022-10-26,North,Furniture,Phone,3,210.81,632.43,2022-10,CUST0089,No,2022Q4
1371,2022-09-03,East,Office Supplies,Phone,6,210.81,1264.86,2022-09,CUST0176,No,2022Q3
1372,2022-06-25,East,Furniture,Chair,1,210.81,210.81,2022-06,CUST0018,No,2022Q2
1373,2022-02-08,North,Furniture,Printer,6,210.81,1264.86,2022-02,CUST0106,No,2022Q1
1374,2022-06-19,West,Furniture,Notebook,4,210.81,843.24,2022-06,CUST0271,No,2022Q2
1375,2022-09-04,East,Furniture,Pen,8,210.81,1686.48,2022-09,CUST0167,No,2022Q3
1376,2022-01-26,West,Electronics,Monitor,9,210.81,1897.29,2022-01,CUST0013,No,2022Q1
1377,2022-12-21,South,Furniture,Phone,4,210.81,843.24,2022-12,CUST0032,No,2022Q4
1378,2022-11-02,East,Office Supplies,Notebook,6,210.81,1264.86,2022-11,CUST0040,No,2022Q4
1379,2022-01-13,West,Electronics,Phone,1,210.81,210.81,2022-01,CUST0148,No,2022Q1
1380,2022-11-12,West,Office Supplies,Pen,4,210.81,843.24,2022-11,CUST0218,Yes,2022Q4
1381,2022-11-09,South,Electronics,Monitor,7,210.81,1475.67,2022-11,CUST0219,No,2022Q4
1382,2022-02-05,West,Furniture,Chair,1,210.81,210.81,2022-02,CUST0082,No,2022Q1
1383,2022-06-22,West,Electronics,Desk,8,210.81,1686.48,2022-06,CUST0208,Yes,2022Q2
1384,2022-01-20,South,Electronics,Chair,6,210.81,1264.86,2022-01,CUST0201,No,2022Q1
1385,2022-11-17,East,Office Supplies,Phone,5,210.81,1054.05,2022-11,CUST0038,No,2022Q4
1386,2022-09-21,West,Office Supplies,Chair,9,210.81,1574.75,2022-09,CUST0211,No,2022Q3
1387,2022-05-22,West,Furniture,Notebook,2,210.81,421.62,2022-05,CUST0249,No,2022Q2
1388,2022-05-23,West,Electronics,Laptop,5,210.81,1054.05,2022-05,CUST0227,No,2022Q2
1389,2022-04-02,North,Electronics,Phone,6,210.81,1264.86,2022-04,CUST0048,No,2022Q2
1390,2022-12-20,South,Electronics,Phone,7,210.81,1475.67,2022-12,CUST0018,No,2022Q4
1391,2022-11-18,North,Furniture,Notebook,5,210.81,1054.05,2022-11,CUST0295,Yes,2022Q4
1392,2022-10-15,South,Furniture,Printer,9,210.81,1897.29,2022-10,CUST0196,No,2022Q4
1393,2022-08-03,East,Furniture,Monitor,1,210.81,210.81,2022-08,CUST0187,No,2022Q3
1394,2022-12-08,East,Furniture,Desk,7,210.81,1475.67,2022-12,CUST0224,Yes,2022Q4
1395,2022-02-20,West,Furniture,Notebook,7,210.81,1475.67,2022-02,CUST0229,No,2022Q1
1396,2022-06-02,South,Office Supplies,Monitor,4,210.81,843.24,2022-06,CUST0077,Yes,2022Q2
1397,2022-07-05,East,Electronics,Pen,9,210.81,1897.29,2022-07,CUST0188,No,2022Q3
1398,2022-03-04,South,Electronics,Monitor,5,210.81,1054.05,2022-03,CUST0270,Yes,2022Q1
1399,2022-07-09,East,Electronics,Pen,4,210.81,843.24,2022-07,CUST0095,No,2022Q3
1400,2022-05-05,North,Electronics,Notebook,7,210.81,1475.67,2022-05,CUST0132,Yes,2022Q2
1401,2022-05-30,East,Electronics,Phone,4,210.81,843.24,2022-05,CUST0039,Yes,2022Q2
1402,2022-11-10,North,Electronics,Phone,3,210.81,632.43,2022-11,CUST0072,No,2022Q4
1403,2022-02-27,East,Electronics,Printer,9,210.81,1897.29,2022-02,CUST0281,No,2022Q1
1404,2022-12-08,West,Electronics,Notebook,8,210.81,1686.48,2022-12,CUST0160,No,2022Q4
1405,2022-11-01,North,Office Supplies,Pen,1,210.81,210.81,2022-11,CUST0187,No,2022Q4
1406,2022-06-29,East,Electronics,Monitor,7,210.81,1475.67,2022-06,CUST0191,No,2022Q2
1407,2022-06-19,West,Office Supplies,Monitor,9,210.81,1897.29,2022-06,CUST0120,No,2022Q2
1408,2022-11-22,North,Furniture,Pen,8,210.81,1686.48,2022-11,CUST0220,No,2022Q4
1409,2022-09-28,West,Electronics,Chair,8,210.81,1399.78,2022-09,CUST0053,No,2022Q3
1410,2022-02-23,South,Furniture,Printer,6,210.81,1264.86,2022-02,CUST0222,No,2022Q1
1411,2022-04-11,South,Furniture,Laptop,4,210.81,843.24,2022-04,CUST0131,No,2022Q2
1412,2022-09-21,North,Furniture,Phone,8,210.81,1686.48,2022-09,CUST0237,No,2022Q3
1413,2022-02-22,East,Office Supplies,Desk,3,210.81,632.43,2022-02,CUST0246,No,2022Q1
1414,2022-03-01,North,Furniture,Monitor,9,210.81,1897.29,2022-03,CUST0226,No,2022Q1
1415,2022-04-18,West,Furniture,Desk,2,210.81,421.62,2022-04,CUST0208,No,2022Q2
1416,2022-01-05,East,Furniture,Laptop,2,210.81,421.62,2022-01,CUST0096,No,2022Q1
1417,2022-04-13,South,Electronics,Notebook,7,210.81,1475.67,2022-04,CUST0200,No,2022Q2
1418,2022-07-15,East,Electronics,Desk,4,210.81,843.24,2022-07,CUST0247,No,2022Q3
1419,2022-09-19,South,Office Supplies,Laptop,8,210.81,1686.48,2022-09,CUST0072,Yes,2022Q3
1420,2022-12-31,East,Office Supplies,Phone,9,210.81,1897.29,2022-12,CUST0185,No,2022Q4
1421,2022-12-16,East,Electronics,Pen,7,210.81,1475.67,2022-12,CUST0006,No,2022Q4
1422,2022-02-16,East,Office Supplies,Chair,5,210.81,1054.05,2022-02,CUST0206,No,2022Q1
1423,2022-12-21,West,Electronics,Phone,8,210.81,1686.48,2022-12,CUST0032,Yes,2022Q4
1424,2022-11-07,West,Furniture,Monitor,4,210.81,843.24,2022-11,CUST0099,Yes,2022Q4
1425,2022-11-04,North,Furniture,Laptop,2,210.81,421.62,2022-11,CUST0256,No,2022Q4
1426,2022-05-24,North,Office Supplies,Desk,6,210.81,1264.86,2022-05,CUST0187,No,2022Q2
1427,2022-09-26,South,Electronics,Monitor,9,210.81,1897.29,2022-09,CUST0076,Yes,2022Q3
1428,2022-05-04,West,Electronics,Chair,1,210.81,210.81,2022-05,CUST0177,No,2022Q2
1429,2022-04-16,South,Office Supplies,Pen,7,210.81,1475.67,2022-04,CUST0287,No,2022Q2
1430,2022-06-07,North,Electronics,Notebook,9,210.81,1897.29,2022-06,CUST0255,No,2022Q2
1431,2022-05-27,South,Furniture,Monitor,9,210.81,1897.29,2022-05,CUST0190,No,2022Q2
1432,2022-05-25,North,Office Supplies,Notebook,3,210.81,632.43,2022-05,CUST0127,Yes,2022Q2
1433,2022-04-30,West,Office Supplies,Laptop,5,210.81,1054.05,2022-04,CUST0287,Yes,2022Q2
1434,2022-11-15,East,Electronics,Chair,8,210.81,1686.48,2022-11,CUST0254,Yes,2022Q4
1435,2022-10-02,West,Office Supplies,Desk,8,210.81,1686.48,2022-10,CUST0213,No,2022Q4
1436,2022-04-02,South,Electronics,Chair,4,210.81,843.24,2022-04,CUST0250,Yes,2022Q2
1437,2022-02-27,South,Electronics,Chair,1,210.81,210.81,2022-02,CUST0084,No,2022Q1
1438,2022-12-12,West,Electronics,Printer,1,210.81,210.81,2022-12,CUST0013,No,2022Q4
1439,2022-08-17,West,Electronics,Chair,4,210.81,699.89,2022-08,CUST0045,Yes,2022Q3
1440,2022-04-27,North,Electronics,Chair,6,210.81,1264.86,2022-04,CUST0127,No,2022Q2
1441,2022-11-14,South,Office Supplies,Phone,8,210.81,1686.48,2022-11,CUST0114,No,2022Q4
1442,2022-10-06,South,Furniture,Monitor,6,210.81,1264.86,2022-10,CUST0276,No,2022Q4
1443,2022-05-07,West,Furniture,Desk,9,210.81,1897.29,2022-05,CUST0205,Yes,2022Q2
1444,2022-05-09,East,Office Supplies,Phone,9,210.81,1897.29,2022-05,CUST0273,No,2022Q2
1445,2022-02-27,South,Office Supplies,Phone,2,210.81,421.62,2022-02,CUST0058,No,2022Q1
1446,2022-05-02,East,Furniture,Monitor,1,210.81,210.81,2022-05,CUST0219,No,2022Q2
1447,2022-01-01,West,Furniture,Monitor,2,210.81,421.62,2022-01,CUST0109,Yes,2022Q1
1448,2022-08-27,West,Furniture,Laptop,5,210.81,874.86,2022-08,CUST0279,Yes,2022Q3
1449,2022-10-17,North,Furniture,Monitor,4,210.81,843.24,2022-10,CUST0174,No,2022Q4
1450,2022-04-06,South,Furniture,Printer,4,210.81,843.24,2022-04,CUST0264,No,2022Q2
1451,2022-05-06,East,Electronics,Printer,9,210.81,1897.29,2022-05,CUST0111,No,2022Q2
1452,2022-04-28,North,Office Supplies,Phone,8,210.81,1686.48,2022-04,CUST0187,Yes,2022Q2
1453,2022-02-17,South,Electronics,Notebook,6,210.81,1264.86,2022-02,CUST0269,No,2022Q1
1454,2022-03-30,North,Furniture,Laptop,1,210.81,210.81,2022-03,CUST0229,Yes,2022Q1
1455,2022-08-25,West,Furniture,Notebook,2,210.81,349.94,2022-08,CUST0156,No,2022Q3
1456,2022-09-29,South,Furniture,Notebook,6,210.81,1264.86,2022-09,CUST0189,Yes,2022Q3
1457,2022-07-08,North,Electronics,Phone,2,210.81,421.62,2022-07,CUST0272,Yes,2022Q3
1458,2022-07-11,North,Electronics,Pen,5,210.81,1054.05,2022-07,CUST0002,No,2022Q3
1459,2022-03-10,East,Furniture,Phone,5,210.81,1054.05,2022-03,CUST0246,Yes,2022Q1
1460,2022-10-05,North,Electronics,Desk,6,210.81,1264.86,2022-10,CUST0210,No,2022Q4
1461,2022-12-15,South,Electronics,Desk,6,210.81,1264.86,2022-12,CUST0286,No,2022Q4
1462,2022-09-04,South,Furniture,Monitor,6,210.81,1264.86,2022-09,CUST0013,No,2022Q3
1463,2022-03-17,East,Electronics,Monitor,2,210.81,421.62,2022-03,CUST0096,Yes,2022Q1
1464,2022-06-03,South,Office Supplies,Pen,3,210.81,632.43,2022-06,CUST0221,No,2022Q2
1465,2022-05-24,West,Office Supplies,Monitor,6,210.81,1264.86,2022-05,CUST0238,No,2022Q2
1466,2022-03-27,South,Office Supplies,Desk,8,210.81,1686.48,2022-03,CUST0094,No,2022Q1
1467,2022-07-04,South,Office Supplies,Notebook,1,210.81,210.81,2022-07,CUST0269,No,2022Q3
1468,2022-10-12,North,Furniture,Phone,1,210.81,210.81,2022-10,CUST0171,No,2022Q4
1469,2022-08-08,North,Furniture,Chair,2,210.81,421.62,2022-08,CUST0094,No,2022Q3
1470,2022-03-10,South,Furniture,Printer,6,210.81,1264.86,2022-03,CUST0149,Yes,2022Q1
1471,2022-02-16,East,Office Supplies,Chair,9,210.81,1897.29,2022-02,CUST0112,No,2022Q1
1472,2022-04-04,North,Office Supplies,Chair,4,210.81,843.24,2022-04,CUST0055,No,2022Q2
1473,2022-08-26,East,Electronics,Desk,3,210.81,632.43,2022-08,CUST0116,No,2022Q3
1474,2022-07-23,South,Electronics,Chair,8,210.81,1686.48,2022-07,CUST0143,No,2022Q3
1475,2022-08-06,South,Office Supplies,Phone,9,210.81,1897.29,2022-08,CUST0201,Yes,2022Q3
1476,2022-12-07,West,Office Supplies,Pen,5,210.81,1054.05,2022-12,CUST0180,Yes,2022Q4
1477,2022-02-08,North,Office Supplies,Laptop,9,210.81,1897.29,2022-02,CUST0202,No,2022Q1
1478,2022-04-10,South,Office Supplies,Monitor,2,210.81,421.62,2022-04,CUST0053,Yes,2022Q2
1479,2022-10-16,West,Electronics,Laptop,3,210.81,632.43,2022-10,CUST0180,Yes,2022Q4
1480,2022-09-11,North,Office Supplies,Notebook,7,210.81,1475.67,2022-09,CUST0137,Yes,2022Q3
1481,2022-08-10,South,Electronics,Phone,7,210.81,1475.67,2022-08,CUST0182,No,2022Q3
1482,2022-12-23,South,Office Supplies,Phone,6,210.81,1264.86,2022-12,CUST0001,Yes,2022Q4
1483,2022-01-23,North,Office Supplies,Printer,6,210.81,1264.86,2022-01,CUST0044,No,2022Q1
1484,2022-09-07,North,Office Supplies,Phone,2,210.81,421.62,2022-09,CUST0227,No,2022Q3
1485,2022-01-10,North,Electronics,Monitor,6,210.81,1264.86,2022-01,CUST0098,No,2022Q1
1486,2022-09-03,South,Electronics,Phone,4,210.81,843.24,2022-09,CUST0208,No,2022Q3
1487,2022-11-21,South,Furniture,Chair,3,210.81,632.43,2022-11,CUST0265,No,2022Q4
1488,2022-04-10,West,Office Supplies,Printer,2,210.81,421.62,2022-04,CUST0288,No,2022Q2
1489,2022-10-17,East,Furniture,Monitor,1,210.81,210.81,2022-10,CUST0271,No,2022Q4
1490,2022-06-29,North,Furniture,Pen,5,210.81,1054.05,2022-06,CUST0140,Yes,2022Q2
1491,2022-08-11,South,Electronics,Pen,2,210.81,421.62,2022-08,CUST0237,Yes,2022Q3
1492,2022-09-07,South,Electronics,Pen,2,210.81,421.62,2022-09,CUST0072,No,2022Q3
1493,2022-05-27,North,Furniture,Pen,7,210.81,1475.67,2022-05,CUST0155,Yes,2022Q2
1494,2022-04-06,East,Office Supplies,Chair,8,210.81,1686.48,2022-04,CUST0190,Yes,2022Q2
1495,2022-09-14,North,Electronics,Phone,8,210.81,1686.48,2022-09,CUST0268,Yes,2022Q3
1496,2022-11-21,East,Office Supplies,Laptop,4,210.81,843.24,2022-11,CUST0107,No,2022Q4
1497,2022-01-04,South,Office Supplies,Monitor,1,210.81,210.81,2022-01,CUST0232,No,2022Q1
1498,2022-01-16,East,Furniture,Chair,7,210.81,1475.67,2022-01,CUST0042,Yes,2022Q1
1499,2022-10-07,West,Furniture,Pen,1,210.81,210.81,2022-10,CUST0190,No,2022Q4
1500,2022-12-02,South,Furniture,Notebook,4,210.81,843.24,2022-12,CUST0139,No,2022Q4
1501,2022-09-04,West,Furniture,Phone,8,210.81,1399.78,2022-09,CUST0103,No,2022Q3
1502,2022-09-15,North,Electronics,Laptop,2,210.81,421.62,2022-09,CUST0171,No,2022Q3
1503,2022-06-09,North,Electronics,Notebook,6,210.81,1264.86,2022-06,CUST0273,No,2022Q2
1504,2022-12-06,North,Furniture,Printer,6,210.81,1264.86,2022-12,CUST0221,No,2022Q4
1505,2022-06-01,East,Electronics,Notebook,9,210.81,1897.29,2022-06,CUST0213,No,2022Q2
1506,2022-06-27,South,Furniture,Printer,5,210.81,1054.05,2022-06,CUST0056,Yes,2022Q2
1507,2022-06-12,North,Office Supplies,Printer,4,210.81,843.24,2022-06,CUST0102,Yes,2022Q2
1508,2022-02-02,North,Office Supplies,Pen,5,210.81,1054.05,2022-02,CUST0192,No,2022Q1
1509,2022-06-28,South,Office Supplies,Printer,5,210.81,1054.05,2022-06,CUST0200,Yes,2022Q2
1510,2022-04-11,North,Furniture,Desk,8,210.81,1686.48,2022-04,CUST0233,No,2022Q2
1511,2022-09-25,West,Office Supplies,Monitor,8,210.81,1399.78,2022-09,CUST0227,No,2022Q3
1512,2022-11-19,South,Electronics,Monitor,2,210.81,421.62,2022-11,CUST0139,Yes,2022Q4
1513,2022-03-06,South,Office Supplies,Pen,7,210.81,1475.67,2022-03,CUST0149,Yes,2022Q1
1514,2022-06-17,South,Office Supplies,Desk,8,210.81,1686.48,2022-06,CUST0115,Yes,2022Q2
1515,2022-11-26,West,Office Supplies,Notebook,6,210.81,1264.86,2022-11,CUST0063,No,2022Q4
1516,2022-02-12,South,Electronics,Chair,5,210.81,1054.05,2022-02,CUST0104,Yes,2022Q1
1517,2022-02-13,West,Furniture,Notebook,9,210.81,1897.29,2022-02,CUST0156,No,2022Q1
1518,2022-10-12,South,Electronics,Phone,3,210.81,632.43,2022-10,CUST0273,Yes,2022Q4
1519,2022-01-12,East,Furniture,Chair,4,210.81,843.24,2022-01,CUST0006,Yes,2022Q1
1520,2022-04-05,North,Furniture,Printer,9,210.81,1897.29,2022-04,CUST0147,No,2022Q2
1521,2022-10-29,East,Office Supplies,Laptop,6,210.81,1264.86,2022-10,CUST0184,No,2022Q4
1522,2022-09-10,North,Furniture,Chair,8,210.81,1686.48,2022-09,CUST0028,Yes,2022Q3
1523,2022-08-30,West,Electronics,Laptop,7,210.81,1224.81,2022-08,CUST0038,No,2022Q3
1524,2022-02-04,East,Electronics,Monitor,2,210.81,421.62,2022-02,CUST0119,No,2022Q1
1525,2022-08-03,South,Furniture,Laptop,3,210.81,632.43,2022-08,CUST0293,Yes,2022Q3
1526,2022-12-03,North,Office Supplies,Monitor,1,210.81,210.81,2022-12,CUST0244,No,2022Q4
1527,2022-03-31,North,Office Supplies,Desk,9,210.81,1897.29,2022-03,CUST0068,Yes,2022Q1
1528,2022-09-21,East,Electronics,Desk,7,210.81,1475.67,2022-09,CUST0214,No,2022Q3
1529,2022-04-03,West,Office Supplies,Pen,1,210.81,210.81,2022-04,CUST0218,No,2022Q2
1530,2022-03-31,East,Furniture,Pen,3,210.81,632.43,2022-03,CUST0177,Yes,2022Q1
1531,2022-04-25,West,Furniture,Printer,4,210.81,843.24,2022-04,CUST0299,No,2022Q2
1532,2022-04-15,West,Electronics,Chair,4,210.81,843.24,2022-04,CUST0164,No,2022Q2
1533,2022-07-15,North,Furniture,Printer,5,210.81,1054.05,2022-07,CUST0058,Yes,2022Q3
1534,2022-11-10,East,Electronics,Monitor,3,210.81,632.43,2022-11,CUST0269,No,2022Q4
1535,2022-04-24,East,Furniture,Printer,3,210.81,632.43,2022-04,CUST0058,No,2022Q2
1536,2022-03-16,West,Electronics,Laptop,1,210.81,210.81,2022-03,CUST0288,No,2022Q1
1537,2022-08-05,East,Office Supplies,Monitor,7,210.81,1475.67,2022-08,CUST0105,Yes,2022Q3
1538,2022-10-04,South,Furniture,Pen,1,210.81,210.81,2022-10,CUST0228,Yes,2022Q4
1539,2022-09-06,South,Furniture,Desk,2,210.81,421.62,2022-09,CUST0247,Yes,2022Q3
1540,2022-06-13,East,Electronics,Pen,4,210.81,843.24,2022-06,CUST0188,No,2022Q2
1541,2022-12-23,East,Electronics,Chair,4,210.81,843.24,2022-12,CUST0083,Yes,2022Q4
1542,2022-07-11,West,Furniture,Monitor,5,210.81,874.86,2022-07,CUST0186,No,2022Q3
1543,2022-08-15,South,Electronics,Monitor,2,210.81,421.62,2022-08,CUST0252,No,2022Q3
1544,2022-06-26,South,Furniture,Laptop,4,210.81,843.24,2022-06,CUST0238,No,2022Q2
1545,2022-04-09,North,Office Supplies,Chair,1,210.81,210.81,2022-04,CUST0184,Yes,2022Q2
1546,2022-02-05,West,Electronics,Desk,2,210.81,421.62,2022-02,CUST0284,Yes,2022Q1
1547,2022-04-06,North,Furniture,Notebook,1,210.81,210.81,2022-04,CUST0210,No,2022Q2
1548,2022-06-01,South,Office Supplies,Monitor,4,210.81,843.24,2022-06,CUST0296,No,2022Q2
1549,2022-05-31,West,Office Supplies,Monitor,4,210.81,843.24,2022-05,CUST0097,Yes,2022Q2
1550,2022-07-09,East,Furniture,Laptop,7,210.81,1475.67,2022-07,CUST0208,No,2022Q3
1551,2022-08-12,West,Electronics,Printer,9,210.81,1574.75,2022-08,CUST0137,Yes,2022Q3
1552,2022-02-06,East,Furniture,Phone,9,210.81,1897.29,2022-02,CUST0184,No,2022Q1
1553,2022-09-25,East,Office Supplies,Desk,5,210.81,1054.05,2022-09,CUST0076,No,2022Q3
1554,2022-07-02,West,Furniture,Pen,1,210.81,174.97,2022-07,CUST0287,No,2022Q3
1555,2022-01-13,East,Electronics,Chair,1,210.81,210.81,2022-01,CUST0142,No,2022Q1
1556,2022-10-06,North,Office Supplies,Monitor,6,210.81,1264.86,2022-10,CUST0237,Yes,2022Q4
1557,2022-08-05,South,Furniture,Monitor,2,210.81,421.62,2022-08,CUST0025,No,2022Q3
1558,2022-12-21,East,Electronics,Pen,8,210.81,1686.48,2022-12,CUST0290,Yes,2022Q4
1559,2022-12-27,North,Office Supplies,Desk,9,210.81,1897.29,2022-12,CUST0067,No,2022Q4
1560,2022-10-13,East,Electronics,Phone,4,210.81,843.24,2022-10,CUST0250,No,2022Q4
1561,2022-09-30,South,Office Supplies,Printer,5,210.81,1054.05,2022-09,CUST0118,No,2022Q3
1562,2022-03-03,North,Furniture,Monitor,8,210.81,1686.48,2022-03,CUST0073,No,2022Q1
1563,2022-03-25,South,Electronics,Phone,3,210.81,632.43,2022-03,CUST0282,Yes,2022Q1
1564,2022-08-05,South,Office Supplies,Desk,5,210.81,1054.05,2022-08,CUST0010,No,2022Q3
1565,2022-12-08,North,Electronics,Pen,3,210.81,632.43,2022-12,CUST0211,No,2022Q4
1566,2022-07-06,North,Electronics,Laptop,3,210.81,632.43,2022-07,CUST0152,No,2022Q3
1567,2022-01-19,North,Furniture,Printer,3,210.81,632.43,2022-01,CUST0005,No,2022Q1
1568,2022-06-26,West,Electronics,Chair,7,210.81,1475.67,2022-06,CUST0195,No,2022Q2
1569,2022-04-10,North,Office Supplies,Monitor,7,210.81,1475.67,2022-04,CUST0283,Yes,2022Q2
1570,2022-08-21,North,Office Supplies,Desk,7,210.81,1475.67,2022-08,CUST0113,No,2022Q3
1571,2022-03-17,North,Office Supplies,Laptop,8,210.81,1686.48,2022-03,CUST0271,No,2022Q1
1572,2022-09-22,North,Office Supplies,Chair,5,210.81,1054.05,2022-09,CUST0163,No,2022Q3
1573,2022-10-11,East,Furniture,Notebook,5,210.81,1054.05,2022-10,CUST0105,Yes,2022Q4
1574,2022-07-25,West,Electronics,Desk,4,210.81,699.89,2022-07,CUST0181,No,2022Q3
1575,2022-08-11,South,Furniture,Desk,7,210.81,1475.67,2022-08,CUST0044,No,2022Q3
1576,2022-02-21,North,Electronics,Chair,4,210.81,843.24,2022-02,CUST0282,No,2022Q1
1577,2022-12-05,East,Electronics,Laptop,2,210.81,421.62,2022-12,CUST0175,No,2022Q4
1578,2022-05-24,East,Electronics,Notebook,4,210.81,843.24,2022-05,CUST0162,No,2022Q2
1579,2022-03-10,East,Furniture,Phone,8,210.81,1686.48,2022-03,CUST0140,No,2022Q1
1580,2022-04-09,South,Electronics,Phone,9,210.81,1897.29,2022-04,CUST0132,Yes,2022Q2
1581,2022-01-25,North,Furniture,Pen,3,210.81,632.43,2022-01,CUST0087,No,2022Q1
1582,2022-02-22,West,Office Supplies,Laptop,7,210.81,1475.67,2022-02,CUST0176,Yes,2022Q1
1583,2022-05-31,West,Office Supplies,Printer,9,210.81,1897.29,2022-05,CUST0183,No,2022Q2
1584,2022-05-24,East,Electronics,Monitor,4,210.81,843.24,2022-05,CUST0129,No,2022Q2
1585,2022-02-26,South,Furniture,Chair,3,210.81,632.43,2022-02,CUST0246,No,2022Q1
1586,2022-02-08,South,Office Supplies,Pen,5,210.81,1054.05,2022-02,CUST0089,No,2022Q1
1587,2022-04-19,South,Furniture,Notebook,1,210.81,210.81,2022-04,CUST0066,Yes,2022Q2
1588,2022-06-30,West,Furniture,Chair,3,210.81,632.43,2022-06,CUST0158,No,2022Q2
1589,2022-02-11,East,Electronics,Chair,8,210.81,1686.48,2022-02,CUST0149,No,2022Q1
1590,2022-07-05,North,Office Supplies,Laptop,8,210.81,1686.48,2022-07,CUST0116,No,2022Q3
1591,2022-08-11,West,Electronics,Monitor,4,210.81,699.89,2022-08,CUST0214,Yes,2022Q3
1592,2022-05-02,East,Electronics,Printer,2,210.81,421.62,2022-05,CUST0294,No,2022Q2
1593,2022-05-13,East,Office Supplies,Phone,8,210.81,1686.48,2022-05,CUST0253,Yes,2022Q2
1594,2022-06-12,North,Office Supplies,Desk,8,210.81,1686.48,2022-06,CUST0143,No,2022Q2
1595,2022-08-03,North,Furniture,Desk,4,210.81,843.24,2022-08,CUST0250,No,2022Q3
1596,2022-08-09,North,Office Supplies,Chair,3,210.81,632.43,2022-08,CUST0025,No,2022Q3
1597,2022-08-23,South,Furniture,Phone,2,210.81,421.62,2022-08,CUST0277,No,2022Q3
1598,2022-11-27,North,Furniture,Phone,9,210.81,1897.29,2022-11,CUST0070,No,2022Q4
1599,2022-05-26,East,Furniture,Monitor,1,210.81,210.81,2022-05,CUST0113,No,2022Q2
1600,2022-08-27,North,Office Supplies,Notebook,7,210.81,1475.67,2022-08,CUST0112,Yes,2022Q3
1601,2022-03-17,East,Electronics,Notebook,5,210.81,1054.05,2022-03,CUST0091,Yes,2022Q1
1602,2022-01-09,West,Furniture,Pen,8,210.81,1686.48,2022-01,CUST0018,Yes,2022Q1
1603,2022-03-15,South,Electronics,Laptop,4,210.81,843.24,2022-03,CUST0149,No,2022Q1
1604,2022-09-10,West,Electronics,Monitor,7,210.81,1224.81,2022-09,CUST0227,No,2022Q3
1605,2022-08-18,West,Office Supplies,Monitor,5,210.81,874.86,2022-08,CUST0214,No,2022Q3
1606,2022-01-07,East,Electronics,Laptop,5,210.81,1054.05,2022-01,CUST0151,Yes,2022Q1
1607,2022-06-23,West,Electronics,Phone,9,210.81,1897.29,2022-06,CUST0192,Yes,2022Q2
1608,2022-05-21,East,Office Supplies,Notebook,9,210.81,1897.29,2022-05,CUST0040,No,2022Q2
1609,2022-06-17,North,Furniture,Notebook,9,210.81,1897.29,2022-06,CUST0242,No,2022Q2
1610,2022-06-19,North,Electronics,Phone,6,210.81,1264.86,2022-06,CUST0138,No,2022Q2
1611,2022-10-10,East,Office Supplies,Notebook,6,210.81,1264.86,2022-10,CUST0180,No,2022Q4
1612,2022-05-02,North,Electronics,Chair,5,210.81,1054.05,2022-05,CUST0200,No,2022Q2
1613,2022-07-13,South,Electronics,Monitor,9,210.81,1897.29,2022-07,CUST0203,No,2022Q3
1614,2022-01-05,West,Furniture,Desk,8,210.81,1686.48,2022-01,CUST0061,Yes,2022Q1
1615,2022-01-29,South,Electronics,Laptop,7,210.81,1475.67,2022-01,CUST0192,No,2022Q1
1616,2022-06-14,West,Office Supplies,Notebook,7,210.81,1475.67,2022-06,CUST0005,No,2022Q2
1617,2022-12-05,North,Electronics,Pen,6,210.81,1264.86,2022-12,CUST0237,Yes,2022Q4
1618,2022-05-16,South,Furniture,Notebook,5,210.81,1054.05,2022-05,CUST0181,No,2022Q2
1619,2022-12-31,North,Furniture,Notebook,4,210.81,843.24,2022-12,CUST0037,No,2022Q4
1620,2022-11-17,West,Office Supplies,Printer,3,210.81,632.43,2022-11,CUST0056,No,2022Q4
1621,2022-12-08,East,Furniture,Chair,3,210.81,632.43,2022-12,CUST0237,No,2022Q4
1622,2022-05-25,East,Electronics,Laptop,6,210.81,1264.86,2022-05,CUST0197,No,2022Q2
1623,2022-11-23,South,Furniture,Printer,4,210.81,843.24,2022-11,CUST0073,Yes,2022Q4
1624,2022-08-05,North,Office Supplies,Printer,6,210.81,1264.86,2022-08,CUST0059,No,2022Q3
1625,2022-10-28,North,Furniture,Pen,3,210.81,632.43,2022-10,CUST0240,No,2022Q4
1626,2022-05-12,South,Furniture,Monitor,4,210.81,843.24,2022-05,CUST0002,No,2022Q2
1627,2022-10-19,East,Furniture,Pen,9,210.81,1897.29,2022-10,CUST0188,No,2022Q4
1628,2022-03-11,West,Office Supplies,Monitor,5,210.81,1054.05,2022-03,CUST0030,Yes,2022Q1
1629,2022-09-09,South,Furniture,Monitor,7,210.81,1475.67,2022-09,CUST0267,Yes,2022Q3
1630,2022-10-02,West,Furniture,Laptop,2,210.81,421.62,2022-10,CUST0108,No,2022Q4
1631,2022-12-30,East,Electronics,Notebook,5,210.81,1054.05,2022-12,CUST0090,Yes,2022Q4
1632,2022-07-01,North,Office Supplies,Laptop,9,210.81,1897.29,2022-07,CUST0205,No,2022Q3
1633,2022-06-16,East,Furniture,Chair,3,210.81,632.43,2022-06,CUST0220,Yes,2022Q2
1634,2022-04-01,South,Office Supplies,Monitor,9,210.81,1897.29,2022-04,CUST0094,No,2022Q2
1635,2022-07-21,North,Furniture,Printer,6,210.81,1264.86,2022-07,CUST0103,Yes,2022Q3
1636,2022-12-12,South,Furniture,Notebook,4,210.81,843.24,2022-12,CUST0223,Yes,2022Q4
1637,2022-01-19,South,Furniture,Desk,7,210.81,1475.67,2022-01,CUST0186,No,2022Q1
1638,2022-02-08,East,Electronics,Chair,8,210.81,1686.48,2022-02,CUST0184,No,2022Q1
1639,2022-05-06,South,Electronics,Laptop,6,210.81,1264.86,2022-05,CUST0162,Yes,2022Q2
1640,2022-06-22,East,Electronics,Pen,5,210.81,1054.05,2022-06,CUST0247,Yes,2022Q2
1641,2022-05-21,North,Office Supplies,Chair,6,210.81,1264.86,2022-05,CUST0031,No,2022Q2
1642,2022-08-30,East,Office Supplies,Chair,5,210.81,1054.05,2022-08,CUST0052,Yes,2022Q3
1643,2022-08-08,North,Electronics,Notebook,8,210.81,1686.48,2022-08,CUST0076,No,2022Q3
1644,2022-05-06,East,Office Supplies,Chair,1,210.81,210.81,2022-05,CUST0278,No,2022Q2
1645,2022-02-27,West,Furniture,Chair,7,210.81,1475.67,2022-02,CUST0040,No,2022Q1
1646,2022-05-28,West,Furniture,Desk,2,210.81,421.62,2022-05,CUST0101,No,2022Q2
1647,2022-11-13,South,Furniture,Phone,9,210.81,1897.29,2022-11,CUST0111,Yes,2022Q4
1648,2022-12-27,East,Electronics,Pen,1,210.81,210.81,2022-12,CUST0249,No,2022Q4
1649,2022-01-01,East,Office Supplies,Pen,6,210.81,1264.86,2022-01,CUST0191,Yes,2022Q1
1650,2022-12-14,North,Electronics,Pen,9,210.81,1897.29,2022-12,CUST0182,No,2022Q4
1651,2022-07-09,South,Office Supplies,Monitor,1,210.81,210.81,2022-07,CUST0209,No,2022Q3
1652,2022-07-10,East,Furniture,Printer,4,210.81,843.24,2022-07,CUST0022,No,2022Q3
1653,2022-11-08,South,Electronics,Phone,4,210.81,843.24,2022-11,CUST0166,No,2022Q4
1654,2022-04-27,West,Office Supplies,Pen,9,210.81,1897.29,2022-04,CUST0099,No,2022Q2
1655,2022-05-14,East,Office Supplies,Chair,5,210.81,1054.05,2022-05,CUST0208,No,2022Q2
1656,2022-02-27,East,Furniture,Chair,5,210.81,1054.05,2022-02,CUST0008,No,2022Q1
1657,2022-02-13,South,Electronics,Pen,6,210.81,1264.86,2022-02,CUST0190,No,2022Q1
1658,2022-06-22,East,Electronics,Notebook,1,210.81,210.81,2022-06,CUST0175,No,2022Q2
1659,2022-06-09,South,Electronics,Pen,1,210.81,210.81,2022-06,CUST0273,No,2022Q2
1660,2022-06-22,East,Furniture,Chair,9,210.81,1897.29,2022-06,CUST0017,Yes,2022Q2
1661,2022-11-13,North,Electronics,Monitor,3,210.81,632.43,2022-11,CUST0090,Yes,2022Q4
1662,2022-10-30,South,Furniture,Laptop,4,210.81,843.24,2022-10,CUST0141,No,2022Q4
1663,2022-05-29,East,Furniture,Laptop,1,210.81,210.81,2022-05,CUST0145,No,2022Q2
1664,2022-03-21,West,Furniture,Phone,9,210.81,1897.29,2022-03,CUST0166,No,2022Q1
1665,2022-08-01,East,Office Supplies,Phone,8,210.81,1686.48,2022-08,CUST0078,Yes,2022Q3
1666,2022-07-22,West,Electronics,Pen,2,210.81,349.94,2022-07,CUST0262,No,2022Q3
1667,2022-09-09,West,Electronics,Desk,8,210.81,1399.78,2022-09,CUST0163,No,2022Q3
1668,2022-08-17,North,Furniture,Pen,7,210.81,1475.67,2022-08,CUST0014,No,2022Q3
1669,2022-06-13,South,Furniture,Notebook,6,210.81,1264.86,2022-06,CUST0239,No,2022Q2
1670,2022-08-15,East,Electronics,Pen,1,210.81,210.81,2022-08,CUST0072,No,2022Q3
1671,2022-05-27,North,Furniture,Phone,7,210.81,1475.67,2022-05,CUST0143,Yes,2022Q2
1672,2022-01-20,East,Electronics,Laptop,7,210.81,1475.67,2022-01,CUST0283,No,2022Q1
1673,2022-02-16,West,Office Supplies,Chair,9,210.81,1897.29,2022-02,CUST0269,No,2022Q1
1674,2022-08-21,South,Furniture,Pen,1,210.81,210.81,2022-08,CUST0241,No,2022Q3
1675,2022-11-01,East,Electronics,Chair,2,210.81,421.62,2022-11,CUST0245,No,2022Q4
1676,2022-01-14,East,Furniture,Chair,9,210.81,1897.29,2022-01,CUST0163,Yes,2022Q1
1677,2022-05-23,West,Electronics,Desk,9,210.81,1897.29,2022-05,CUST0060,No,2022Q2
1678,2022-01-01,East,Electronics,Chair,6,210.81,1264.86,2022-01,CUST0006,Yes,2022Q1
1679,2022-02-23,East,Furniture,Laptop,6,210.81,1264.86,2022-02,CUST0197,No,2022Q1
1680,2022-09-16,West,Office Supplies,Monitor,4,210.81,699.89,2022-09,CUST0058,No,2022Q3
1681,2022-05-24,North,Electronics,Monitor,4,210.81,843.24,2022-05,CUST0217,Yes,2022Q2
1682,2022-01-12,West,Electronics,Printer,5,210.81,1054.05,2022-01,CUST0026,No,2022Q1
1683,2022-11-26,North,Electronics,Notebook,3,210.81,632.43,2022-11,CUST0005,Yes,2022Q4
1684,2022-08-12,South,Office Supplies,Pen,1,210.81,210.81,2022-08,CUST0020,No,2022Q3
1685,2022-09-29,North,Office Supplies,Notebook,1,210.81,210.81,2022-09,CUST0198,Yes,2022Q3
1686,2022-12-24,North,Furniture,Laptop,7,210.81,1475.67,2022-12,CUST0059,No,2022Q4
1687,2022-06-05,South,Office Supplies,Chair,1,210.81,210.81,2022-06,CUST0242,No,2022Q2
1688,2022-01-08,North,Furniture,Monitor,1,210.81,210.81,2022-01,CUST0146,Yes,2022Q1
1689,2022-05-02,West,Furniture,Notebook,3,210.81,632.43,2022-05,CUST0273,Yes,2022Q2
1690,2022-12-14,North,Office Supplies,Laptop,4,210.81,843.24,2022-12,CUST0249,Yes,2022Q4
1691,2022-06-13,South,Furniture,Monitor,4,210.81,843.24,2022-06,CUST0014,Yes,2022Q2
1692,2022-03-31,West,Office Supplies,Chair,2,210.81,421.62,2022-03,CUST0013,Yes,2022Q1
1693,2022-05-16,South,Furniture,Notebook,1,210.81,210.81,2022-05,CUST0044,No,2022Q2
1694,2022-07-05,South,Office Supplies,Monitor,3,210.81,632.43,2022-07,CUST0019,No,2022Q3
1695,2022-11-12,East,Office Supplies,Pen,4,210.81,843.24,2022-11,CUST0063,No,2022Q4
1696,2022-06-27,East,Furniture,Phone,3,210.81,632.43,2022-06,CUST0239,No,2022Q2
1697,2022-01-28,South,Electronics,Pen,8,210.81,1686.48,2022-01,CUST0100,No,2022Q1
1698,2022-08-08,South,Furniture,Printer,1,210.81,210.81,2022-08,CUST0163,No,2022Q3
1699,2022-12-23,South,Office Supplies,Printer,2,210.81,421.62,2022-12,CUST0122,No,2022Q4
1700,2022-02-10,East,Electronics,Monitor,7,210.81,1475.67,2022-02,CUST0044,No,2022Q1
1701,2022-08-16,East,Furniture,Phone,4,210.81,843.24,2022-08,CUST0145,No,2022Q3
1702,2022-07-11,North,Furniture,Laptop,8,210.81,1686.48,2022-07,CUST0050,No,2022Q3
1703,2022-05-25,North,Furniture,Pen,3,210.81,632.43,2022-05,CUST0065,No,2022Q2
1704,2022-07-20,South,Electronics,Laptop,6,210.81,1264.86,2022-07,CUST0288,Yes,2022Q3
1705,2022-07-31,West,Office Supplies,Phone,9,210.81,1574.75,2022-07,CUST0164,Yes,2022Q3
1706,2022-08-08,West,Furniture,Laptop,1,210.81,174.97,2022-08,CUST0141,No,2022Q3
1707,2022-08-28,East,Furniture,Phone,1,210.81,210.81,2022-08,CUST0128,No,2022Q3
1708,2022-02-15,East,Furniture,Monitor,8,210.81,1686.48,2022-02,CUST0239,No,2022Q1
1709,2022-02-04,East,Furniture,Laptop,3,210.81,632.43,2022-02,CUST0296,No,2022Q1
1710,2022-09-10,South,Furniture,Pen,5,210.81,1054.05,2022-09,CUST0187,No,2022Q3
1711,2022-03-23,West,Office Supplies,Chair,1,210.81,210.81,2022-03,CUST0208,No,2022Q1
1712,2022-09-13,North,Office Supplies,Printer,5,210.81,1054.05,2022-09,CUST0220,No,2022Q3
1713,2022-07-16,South,Furniture,Chair,6,210.81,1264.86,2022-07,CUST0190,No,2022Q3
1714,2022-10-30,North,Electronics,Laptop,8,210.81,1686.48,2022-10,CUST0284,Yes,2022Q4
1715,2022-01-10,North,Office Supplies,Chair,3,210.81,632.43,2022-01,CUST0237,Yes,2022Q1
1716,2022-11-08,South,Electronics,Pen,3,210.81,632.43,2022-11,CUST0194,No,2022Q4
1717,2022-10-13,North,Office Supplies,Pen,9,210.81,1897.29,2022-10,CUST0287,No,2022Q4
1718,2022-08-30,West,Furniture,Laptop,4,210.81,699.89,2022-08,CUST0259,No,2022Q3
1719,2022-09-08,North,Office Supplies,Monitor,4,210.81,843.24,2022-09,CUST0246,No,2022Q3
1720,2022-12-31,West,Furniture,Chair,7,210.81,1475.67,2022-12,CUST0136,Yes,2022Q4
1721,2022-01-05,West,Office Supplies,Monitor,2,210.81,421.62,2022-01,CUST0280,No,2022Q1
1722,2022-04-29,West,Furniture,Monitor,8,210.81,1686.48,2022-04,CUST0271,Yes,2022Q2
1723,2022-10-16,East,Furniture,Phone,6,210.81,1264.86,2022-10,CUST0171,No,2022Q4
1724,2022-03-06,North,Furniture,Desk,3,210.81,632.43,2022-03,CUST0159,Yes,2022Q1
1725,2022-05-26,South,Furniture,Laptop,9,210.81,1897.29,2022-05,CUST0201,No,2022Q2
1726,2022-08-12,South,Electronics,Printer,5,210.81,1054.05,2022-08,CUST0045,Yes,2022Q3
1727,2022-08-27,North,Furniture,Pen,8,210.81,1686.48,2022-08,CUST0264,No,2022Q3
1728,2022-06-26,East,Electronics,Pen,7,210.81,1475.67,2022-06,CUST0071,No,2022Q2
1729,2022-09-24,East,Electronics,Laptop,8,210.81,1686.48,2022-09,CUST0103,No,2022Q3
1730,2022-12-07,West,Furniture,Phone,7,210.81,1475.67,2022-12,CUST0125,No,2022Q4
1731,2022-10-09,North,Electronics,Notebook,3,210.81,632.43,2022-10,CUST0286,Yes,2022Q4
1732,2022-03-04,North,Office Supplies,Notebook,2,210.81,421.62,2022-03,CUST0230,Yes,2022Q1
1733,2022-08-05,South,Furniture,Notebook,7,210.81,1475.67,2022-08,CUST0146,Yes,2022Q3
1734,2022-12-08,North,Electronics,Phone,3,210.81,632.43,2022-12,CUST0197,No,2022Q4
1735,2022-11-11,East,Furniture,Printer,3,210.81,632.43,2022-11,CUST0221,Yes,2022Q4
1736,2022-10-10,North,Furniture,Pen,2,210.81,421.62,2022-10,CUST0060,No,2022Q4
1737,2022-06-26,South,Furniture,Laptop,4,210.81,843.24,2022-06,CUST0098,No,2022Q2
1738,2022-04-08,West,Electronics,Phone,8,210.81,1686.48,2022-04,CUST0171,No,2022Q2
1739,2022-04-15,South,Office Supplies,Pen,1,210.81,210.81,2022-04,CUST0173,No,2022Q2
1740,2022-04-09,South,Office Supplies,Monitor,1,210.81,210.81,2022-04,CUST0151,No,2022Q2
1741,2022-11-07,West,Electronics,Chair,5,210.81,1054.05,2022-11,CUST0122,No,2022Q4
1742,2022-01-06,South,Furniture,Chair,5,210.81,1054.05,2022-01,CUST0108,No,2022Q1
1743,2022-07-16,South,Electronics,Phone,1,210.81,210.81,2022-07,CUST0004,Yes,2022Q3
1744,2022-12-17,North,Electronics,Pen,6,210.81,1264.86,2022-12,CUST0093,No,2022Q4
1745,2022-05-13,North,Electronics,Desk,1,210.81,210.81,2022-05,CUST0006,No,2022Q2
1746,2022-12-24,West,Furniture,Printer,5,210.81,1054.05,2022-12,CUST0288,No,2022Q4
1747,2022-09-16,North,Electronics,Notebook,9,210.81,1897.29,2022-09,CUST0106,No,2022Q3
1748,2022-01-23,North,Furniture,Printer,5,210.81,1054.05,2022-01,CUST0146,No,2022Q1
1749,2022-02-22,South,Electronics,Printer,6,210.81,1264.86,2022-02,CUST0271,No,2022Q1
1750,2022-06-14,East,Office Supplies,Phone,8,210.81,1686.48,2022-06,CUST0096,No,2022Q2
1751,2022-07-21,North,Electronics,Monitor,1,210.81,210.81,2022-07,CUST0229,No,2022Q3
1752,2022-03-24,East,Electronics,Printer,2,210.81,421.62,2022-03,CUST0202,No,2022Q1
1753,2022-05-25,North,Office Supplies,Chair,9,210.81,1897.29,2022-05,CUST0212,Yes,2022Q2
1754,2022-03-26,North,Furniture,Monitor,3,210.81,632.43,2022-03,CUST0006,No,2022Q1
1755,2022-03-19,West,Furniture,Laptop,6,210.81,1264.86,2022-03,CUST0112,No,2022Q1
1756,2022-01-01,West,Electronics,Printer,5,210.81,1054.05,2022-01,CUST0106,Yes,2022Q1
1757,2022-02-20,West,Office Supplies,Printer,2,210.81,421.62,2022-02,CUST0139,No,2022Q1
1758,2022-06-22,East,Furniture,Laptop,7,210.81,1475.67,2022-06,CUST0299,No,2022Q2
1759,2022-07-24,South,Electronics,Printer,4,210.81,843.24,2022-07,CUST0096,Yes,2022Q3
1760,2022-09-17,North,Office Supplies,Laptop,1,210.81,210.81,2022-09,CUST0297,No,2022Q3
1761,2022-10-15,North,Furniture,Monitor,4,210.81,843.24,2022-10,CUST0214,No,2022Q4
1762,2022-02-03,North,Furniture,Chair,6,210.81,1264.86,2022-02,CUST0291,No,2022Q1
1763,2022-12-14,East,Office Supplies,Laptop,7,210.81,1475.67,2022-12,CUST0022,No,2022Q4
1764,2022-04-05,West,Office Supplies,Desk,7,210.81,1475.67,2022-04,CUST0193,No,2022Q2
1765,2022-03-13,South,Office Supplies,Phone,7,210.81,1475.67,2022-03,CUST0150,No,2022Q1
1766,2022-02-08,East,Office Supplies,Phone,3,210.81,632.43,2022-02,CUST0247,No,2022Q1
1767,2022-06-03,West,Electronics,Laptop,6,210.81,1264.86,2022-06,CUST0267,No,2022Q2
1768,2022-09-07,East,Office Supplies,Phone,8,210.81,1686.48,2022-09,CUST0251,No,2022Q3
1769,2022-06-11,South,Furniture,Printer,4,210.81,843.24,2022-06,CUST0003,No,2022Q2
1770,2022-04-28,West,Furniture,Notebook,8,210.81,1686.48,2022-04,CUST0076,No,2022Q2
1771,2022-09-16,East,Electronics,Notebook,2,210.81,421.62,2022-09,CUST0087,No,2022Q3
1772,2022-11-02,South,Furniture,Phone,9,210.81,1897.29,2022-11,CUST0270,No,2022Q4
1773,2022-09-25,North,Furniture,Monitor,9,210.81,1897.29,2022-09,CUST0225,Yes,2022Q3
1774,2022-02-23,South,Office Supplies,Pen,8,210.81,1686.48,2022-02,CUST0018,No,2022Q1
1775,2022-08-24,North,Furniture,Monitor,1,210.81,210.81,2022-08,CUST0113,No,2022Q3
1776,2022-08-10,East,Electronics,Pen,2,210.81,421.62,2022-08,CUST0251,No,2022Q3
1777,2022-09-08,West,Office Supplies,Notebook,6,210.81,1049.83,2022-09,CUST0233,No,2022Q3
1778,2022-11-09,West,Office Supplies,Notebook,5,210.81,1054.05,2022-11,CUST0279,Yes,2022Q4
1779,2022-04-22,East,Electronics,Laptop,9,210.81,1897.29,2022-04,CUST0202,No,2022Q2
1780,2022-09-12,West,Office Supplies,Chair,5,210.81,874.86,2022-09,CUST0083,Yes,2022Q3
1781,2022-10-30,West,Office Supplies,Desk,2,210.81,421.62,2022-10,CUST0125,No,2022Q4
1782,2022-07-26,North,Electronics,Monitor,4,210.81,843.24,2022-07,CUST0175,Yes,2022Q3
1783,2022-08-17,East,Office Supplies,Printer,9,210.81,1897.29,2022-08,CUST0069,No,2022Q3
1784,2022-12-07,South,Electronics,Pen,1,210.81,210.81,2022-12,CUST0047,Yes,2022Q4
1785,2022-03-07,North,Electronics,Phone,1,210.81,210.81,2022-03,CUST0256,No,2022Q1
1786,2022-03-16,East,Furniture,Printer,7,210.81,1475.67,2022-03,CUST0215,No,2022Q1
1787,2022-04-13,North,Furniture,Chair,3,210.81,632.43,2022-04,CUST0030,No,2022Q2
1788,2022-07-11,South,Office Supplies,Pen,2,210.81,421.62,2022-07,CUST0281,No,2022Q3
1789,2022-09-09,South,Office Supplies,Monitor,9,210.81,1897.29,2022-09,CUST0237,Yes,2022Q3
1790,2022-08-14,East,Electronics,Laptop,3,210.81,632.43,2022-08,CUST0248,No,2022Q3
1791,2022-10-21,South,Office Supplies,Printer,2,210.81,421.62,2022-10,CUST0025,No,2022Q4
1792,2022-11-02,North,Electronics,Chair,8,210.81,1686.48,2022-11,CUST0074,Yes,2022Q4
1793,2022-04-08,South,Electronics,Monitor,6,210.81,1264.86,2022-04,CUST0206,No,2022Q2
1794,2022-12-04,North,Office Supplies,Notebook,6,210.81,1264.86,2022-12,CUST0094,Yes,2022Q4
1795,2022-10-13,North,Electronics,Notebook,7,210.81,1475.67,2022-10,CUST0127,Yes,2022Q4
1796,2022-12-01,South,Furniture,Monitor,7,210.81,1475.67,2022-12,CUST0025,No,2022Q4
1797,2022-12-13,East,Office Supplies,Monitor,6,210.81,1264.86,2022-12,CUST0116,Yes,2022Q4
1798,2022-11-04,West,Furniture,Monitor,4,210.81,843.24,2022-11,CUST0048,No,2022Q4
1799,2022-09-06,South,Office Supplies,Pen,9,210.81,1897.29,2022-09,CUST0226,No,2022Q3
1800,2022-06-15,North,Electronics,Monitor,6,210.81,1264.86,2022-06,CUST0266,No,2022Q2
1801,2022-12-01,North,Office Supplies,Printer,4,210.81,843.24,2022-12,CUST0099,No,2022Q4
1802,2022-01-30,South,Furniture,Chair,3,210.81,632.43,2022-01,CUST0011,Yes,2022Q1
1803,2022-09-04,East,Electronics,Pen,4,210.81,843.24,2022-09,CUST0085,Yes,2022Q3
1804,2022-04-16,East,Office Supplies,Monitor,3,210.81,632.43,2022-04,CUST0214,No,2022Q2
1805,2022-02-20,North,Office Supplies,Desk,2,210.81,421.62,2022-02,CUST0173,No,2022Q1
1806,2022-03-22,North,Office Supplies,Phone,5,210.81,1054.05,2022-03,CUST0209,Yes,2022Q1
1807,2022-05-13,East,Furniture,Desk,2,210.81,421.62,2022-05,CUST0064,No,2022Q2
1808,2022-10-12,West,Furniture,Chair,6,210.81,1264.86,2022-10,CUST0258,No,2022Q4
1809,2022-05-18,South,Office Supplies,Notebook,3,210.81,632.43,2022-05,CUST0121,No,2022Q2
1810,2022-07-03,North,Electronics,Laptop,6,210.81,1264.86,2022-07,CUST0298,Yes,2022Q3
1811,2022-11-26,North,Electronics,Laptop,9,210.81,1897.29,2022-11,CUST0054,No,2022Q4
1812,2022-09-30,East,Furniture,Phone,1,210.81,210.81,2022-09,CUST0272,Yes,2022Q3
1813,2022-12-06,South,Electronics,Notebook,6,210.81,1264.86,2022-12,CUST0241,Yes,2022Q4
1814,2022-03-10,East,Furniture,Pen,9,210.81,1897.29,2022-03,CUST0243,No,2022Q1
1815,2022-02-03,South,Office Supplies,Pen,4,210.81,843.24,2022-02,CUST0018,No,2022Q1
1816,2022-09-19,South,Furniture,Pen,2,210.81,421.62,2022-09,CUST0187,Yes,2022Q3
1817,2022-02-22,South,Furniture,Laptop,4,210.81,843.24,2022-02,CUST0144,No,2022Q1
1818,2022-07-24,North,Office Supplies,Desk,1,210.81,210.81,2022-07,CUST0262,Yes,2022Q3
1819,2022-05-06,West,Electronics,Laptop,3,210.81,632.43,2022-05,CUST0239,Yes,2022Q2
1820,2022-08-23,East,Furniture,Printer,9,210.81,1897.29,2022-08,CUST0298,No,2022Q3
1821,2022-02-12,West,Furniture,Monitor,5,210.81,1054.05,2022-02,CUST0076,Yes,2022Q1
1822,2022-08-28,East,Office Supplies,Pen,6,210.81,1264.86,2022-08,CUST0188,Yes,2022Q3
1823,2022-04-21,South,Electronics,Desk,3,210.81,632.43,2022-04,CUST0246,Yes,2022Q2
1824,2022-09-06,North,Furniture,Chair,5,210.81,1054.05,2022-09,CUST0130,No,2022Q3
1825,2022-05-31,West,Office Supplies,Phone,8,210.81,1686.48,2022-05,CUST0283,No,2022Q2
1826,2022-07-02,North,Furniture,Chair,6,210.81,1264.86,2022-07,CUST0079,No,2022Q3
1827,2022-12-02,East,Office Supplies,Monitor,4,210.81,843.24,2022-12,CUST0072,No,2022Q4
1828,2022-04-05,North,Electronics,Desk,2,210.81,421.62,2022-04,CUST0263,No,2022Q2
1829,2022-01-08,North,Electronics,Laptop,9,210.81,1897.29,2022-01,CUST0191,Yes,2022Q1
1830,2022-12-26,West,Electronics,Laptop,1,210.81,210.81,2022-12,CUST0063,No,2022Q4
1831,2022-07-03,South,Electronics,Printer,1,210.81,210.81,2022-07,CUST0012,No,2022Q3
1832,2022-10-08,North,Furniture,Printer,4,210.81,843.24,2022-10,CUST0141,No,2022Q4
1833,2022-07-14,South,Furniture,Laptop,7,210.81,1475.67,2022-07,CUST0254,Yes,2022Q3
1834,2022-12-18,East,Electronics,Chair,1,210.81,210.81,2022-12,CUST0043,No,2022Q4
1835,2022-07-14,North,Electronics,Phone,9,210.81,1897.29,2022-07,CUST0017,No,2022Q3
1836,2022-06-04,West,Electronics,Pen,4,210.81,843.24,2022-06,CUST0063,No,2022Q2
1837,2022-04-03,East,Furniture,Chair,3,210.81,632.43,2022-04,CUST0253,Yes,2022Q2
1838,2022-06-09,East,Electronics,Phone,1,210.81,210.81,2022-06,CUST0292,No,2022Q2
1839,2022-03-02,West,Electronics,Printer,4,210.81,843.24,2022-03,CUST0008,No,2022Q1
1840,2022-05-02,North,Electronics,Monitor,9,210.81,1897.29,2022-05,CUST0090,Yes,2022Q2
1841,2022-02-20,North,Office Supplies,Phone,6,210.81,1264.86,2022-02,CUST0208,Yes,2022Q1
1842,2022-10-04,East,Electronics,Laptop,6,210.81,1264.86,2022-10,CUST0292,Yes,2022Q4
1843,2022-01-05,North,Office Supplies,Printer,1,210.81,210.81,2022-01,CUST0284,No,2022Q1
1844,2022-04-02,South,Office Supplies,Printer,2,210.81,421.62,2022-04,CUST0118,No,2022Q2
1845,2022-06-19,West,Electronics,Pen,6,210.81,1264.86,2022-06,CUST0175,Yes,2022Q2
1846,2022-11-13,South,Office Supplies,Laptop,2,210.81,421.62,2022-11,CUST0076,No,2022Q4
1847,2022-01-22,North,Electronics,Pen,3,210.81,632.43,2022-01,CUST0101,Yes,2022Q1
1848,2022-11-22,East,Furniture,Laptop,4,210.81,843.24,2022-11,CUST0151,No,2022Q4
1849,2022-01-01,West,Furniture,Pen,5,210.81,1054.05,2022-01,CUST0270,No,2022Q1
1850,2022-05-13,North,Furniture,Phone,9,210.81,1897.29,2022-05,CUST0071,No,2022Q2
1851,2022-08-21,North,Furniture,Chair,4,210.81,843.24,2022-08,CUST0180,No,2022Q3
1852,2022-01-12,East,Office Supplies,Monitor,9,210.81,1897.29,2022-01,CUST0124,No,2022Q1
1853,2022-12-12,East,Electronics,Monitor,3,210.81,632.43,2022-12,CUST0293,No,2022Q4
1854,2022-02-15,South,Electronics,Laptop,8,210.81,1686.48,2022-02,CUST0285,Yes,2022Q1
1855,2022-02-03,West,Electronics,Desk,1,210.81,210.81,2022-02,CUST0195,No,2022Q1
1856,2022-03-19,West,Furniture,Notebook,9,210.81,1897.29,2022-03,CUST0228,No,2022Q1
1857,2022-08-06,East,Furniture,Printer,9,210.81,1897.29,2022-08,CUST0275,Yes,2022Q3
1858,2022-10-28,South,Electronics,Printer,2,210.81,421.62,2022-10,CUST0106,No,2022Q4
1859,2022-03-14,West,Furniture,Laptop,4,210.81,843.24,2022-03,CUST0021,No,2022Q1
1860,2022-10-09,East,Electronics,Phone,8,210.81,1686.48,2022-10,CUST0064,Yes,2022Q4
1861,2022-09-06,North,Electronics,Pen,7,210.81,1475.67,2022-09,CUST0165,No,2022Q3
1862,2022-02-16,West,Electronics,Desk,1,210.81,210.81,2022-02,CUST0027,Yes,2022Q1
1863,2022-05-01,South,Electronics,Chair,5,210.81,1054.05,2022-05,CUST0285,Yes,2022Q2
1864,2022-08-02,South,Electronics,Pen,7,210.81,1475.67,2022-08,CUST0148,Yes,2022Q3
1865,2022-08-27,South,Electronics,Pen,4,210.81,843.24,2022-08,CUST0281,No,2022Q3
1866,2022-02-25,North,Electronics,Laptop,1,210.81,210.81,2022-02,CUST0164,No,2022Q1
1867,2022-12-16,West,Furniture,Laptop,9,210.81,1897.29,2022-12,CUST0224,No,2022Q4
1868,2022-04-17,West,Electronics,Phone,5,210.81,1054.05,2022-04,CUST0272,No,2022Q2
1869,2022-11-15,North,Electronics,Printer,2,210.81,421.62,2022-11,CUST0146,Yes,2022Q4
1870,2022-02-17,West,Furniture,Laptop,8,210.81,1686.48,2022-02,CUST0030,No,2022Q1
1871,2022-03-02,North,Furniture,Laptop,2,210.81,421.62,2022-03,CUST0045,No,2022Q1
1872,2022-12-03,North,Furniture,Laptop,3,210.81,632.43,2022-12,CUST0275,Yes,2022Q4
1873,2022-01-26,North,Electronics,Phone,1,210.81,210.81,2022-01,CUST0034,No,2022Q1
1874,2022-10-19,South,Office Supplies,Printer,2,210.81,421.62,2022-10,CUST0141,No,2022Q4
1875,2022-09-14,West,Office Supplies,Chair,7,210.81,1224.81,2022-09,CUST0221,No,2022Q3
1876,2022-01-08,North,Furniture,Chair,2,210.81,421.62,2022-01,CUST0022,Yes,2022Q1
1877,2022-04-23,West,Office Supplies,Notebook,6,210.81,1264.86,2022-04,CUST0180,No,2022Q2
1878,2022-12-21,South,Furniture,Notebook,3,210.81,632.43,2022-12,CUST0231,Yes,2022Q4
1879,2022-09-10,North,Electronics,Laptop,4,210.81,843.24,2022-09,CUST0038,No,2022Q3
1880,2022-06-29,East,Office Supplies,Notebook,8,210.81,1686.48,2022-06,CUST0070,Yes,2022Q2
1881,2022-07-26,South,Electronics,Printer,3,210.81,632.43,2022-07,CUST0116,Yes,2022Q3
1882,2022-10-30,East,Office Supplies,Phone,6,210.81,1264.86,2022-10,CUST0239,No,2022Q4
1883,2022-05-07,West,Electronics,Chair,1,210.81,210.81,2022-05,CUST0148,No,2022Q2
1884,2022-02-25,West,Office Supplies,Pen,7,210.81,1475.67,2022-02,CUST0009,No,2022Q1
1885,2022-08-02,South,Electronics,Chair,8,210.81,1686.48,2022-08,CUST0288,Yes,2022Q3
1886,2022-01-14,West,Electronics,Chair,8,210.81,1686.48,2022-01,CUST0050,No,2022Q1
1887,2022-01-28,East,Office Supplies,Printer,3,210.81,632.43,2022-01,CUST0005,No,2022Q1
1888,2022-03-19,North,Electronics,Notebook,1,210.81,210.81,2022-03,CUST0126,No,2022Q1
1889,2022-08-04,North,Electronics,Pen,9,210.81,1897.29,2022-08,CUST0075,No,2022Q3
1890,2022-12-31,North,Electronics,Printer,6,210.81,1264.86,2022-12,CUST0165,No,2022Q4
1891,2022-06-03,South,Office Supplies,Laptop,9,210.81,1897.29,2022-06,CUST0278,No,2022Q2
1892,2022-01-14,West,Office Supplies,Phone,7,210.81,1475.67,2022-01,CUST0290,No,2022Q1
1893,2022-07-06,East,Electronics,Monitor,1,210.81,210.81,2022-07,CUST0077,Yes,2022Q3
1894,2022-11-08,West,Electronics,Chair,1,210.81,210.81,2022-11,CUST0298,No,2022Q4
1895,2022-01-07,West,Office Supplies,Monitor,6,210.81,1264.86,2022-01,CUST0137,No,2022Q1
1896,2022-01-03,West,Office Supplies,Phone,5,210.81,1054.05,2022-01,CUST0106,Yes,2022Q1
1897,2022-04-21,North,Electronics,Phone,9,210.81,1897.29,2022-04,CUST0095,Yes,2022Q2
1898,2022-08-26,East,Electronics,Printer,2,210.81,421.62,2022-08,CUST0135,Yes,2022Q3
1899,2022-12-29,East,Electronics,Printer,8,210.81,1686.48,2022-12,CUST0068,No,2022Q4
1900,2022-08-27,West,Furniture,Printer,5,210.81,874.86,2022-08,CUST0147,No,2022Q3
1901,2022-10-01,North,Office Supplies,Monitor,2,210.81,421.62,2022-10,CUST0159,No,2022Q4
1902,2022-10-21,North,Furniture,Printer,6,210.81,1264.86,2022-10,CUST0163,Yes,2022Q4
1903,2022-08-15,East,Office Supplies,Phone,8,210.81,1686.48,2022-08,CUST0189,No,2022Q3
1904,2022-01-15,North,Office Supplies,Laptop,4,210.81,843.24,2022-01,CUST0095,No,2022Q1
1905,2022-07-11,North,Office Supplies,Printer,2,210.81,421.62,2022-07,CUST0181,No,2022Q3
1906,2022-04-29,North,Office Supplies,Desk,5,210.81,1054.05,2022-04,CUST0288,No,2022Q2
1907,2022-01-28,South,Office Supplies,Notebook,2,210.81,421.62,2022-01,CUST0187,No,2022Q1
1908,2022-07-21,West,Office Supplies,Monitor,2,210.81,349.94,2022-07,CUST0138,No,2022Q3
1909,2022-02-08,East,Office Supplies,Desk,6,210.81,1264.86,2022-02,CUST0130,No,2022Q1
1910,2022-09-30,East,Furniture,Printer,9,210.81,1897.29,2022-09,CUST0194,No,2022Q3
1911,2022-08-19,South,Electronics,Phone,4,210.81,843.24,2022-08,CUST0273,Yes,2022Q3
1912,2022-03-27,West,Electronics,Laptop,6,210.81,1264.86,2022-03,CUST0144,Yes,2022Q1
1913,2022-05-06,East,Furniture,Chair,7,210.81,1475.67,2022-05,CUST0016,Yes,2022Q2
1914,2022-10-27,North,Furniture,Pen,6,210.81,1264.86,2022-10,CUST0245,Yes,2022Q4
1915,2022-01-25,East,Furniture,Notebook,8,210.81,1686.48,2022-01,CUST0107,No,2022Q1
1916,2022-05-25,North,Furniture,Pen,4,210.81,843.24,2022-05,CUST0088,No,2022Q2
1917,2022-01-13,South,Office Supplies,Printer,1,210.81,210.81,2022-01,CUST0129,No,2022Q1
1918,2022-07-31,North,Electronics,Notebook,7,210.81,1475.67,2022-07,CUST0004,No,2022Q3
1919,2022-01-25,East,Office Supplies,Notebook,3,210.81,632.43,2022-01,CUST0095,No,2022Q1
1920,2022-03-09,East,Electronics,Laptop,6,210.81,1264.86,2022-03,CUST0209,No,2022Q1
1921,2022-03-08,East,Electronics,Notebook,2,210.81,421.62,2022-03,CUST0225,No,2022Q1
1922,2022-08-21,South,Furniture,Monitor,9,210.81,1897.29,2022-08,CUST0047,No,2022Q3
1923,2022-04-19,South,Office Supplies,Desk,1,210.81,210.81,2022-04,CUST0181,No,2022Q2
1924,2022-05-26,West,Furniture,Desk,6,210.81,1264.86,2022-05,CUST0106,No,2022Q2
1925,2022-04-21,East,Office Supplies,Desk,6,210.81,1264.86,2022-04,CUST0199,Yes,2022Q2
1926,2022-08-16,North,Electronics,Monitor,5,210.81,1054.05,2022-08,CUST0106,No,2022Q3
1927,2022-04-21,South,Furniture,Pen,5,210.81,1054.05,2022-04,CUST0280,No,2022Q2
1928,2022-02-03,East,Furniture,Laptop,1,210.81,210.81,2022-02,CUST0260,No,2022Q1
1929,2022-04-21,East,Electronics,Notebook,5,210.81,1054.05,2022-04,CUST0108,No,2022Q2
1930,2022-09-21,South,Electronics,Monitor,2,210.81,421.62,2022-09,CUST0019,No,2022Q3
1931,2022-08-24,West,Electronics,Desk,7,210.81,1224.81,2022-08,CUST0296,No,2022Q3
1932,2022-03-24,South,Furniture,Printer,3,210.81,632.43,2022-03,CUST0171,No,2022Q1
1933,2022-02-11,South,Office Supplies,Chair,4,210.81,843.24,2022-02,CUST0195,No,2022Q1
1934,2022-04-11,North,Furniture,Notebook,3,210.81,632.43,2022-04,CUST0012,Yes,2022Q2
1935,2022-01-06,North,Office Supplies,Monitor,3,210.81,632.43,2022-01,CUST0195,Yes,2022Q1
1936,2022-06-29,West,Furniture,Phone,4,210.81,843.24,2022-06,CUST0283,No,2022Q2
1937,2022-10-09,East,Furniture,Monitor,5,210.81,1054.05,2022-10,CUST0182,No,2022Q4
1938,2022-11-16,South,Electronics,Laptop,1,210.81,210.81,2022-11,CUST0144,Yes,2022Q4
1939,2022-08-14,West,Office Supplies,Laptop,4,210.81,699.89,2022-08,CUST0182,No,2022Q3
1940,2022-11-11,North,Furniture,Monitor,8,210.81,1686.48,2022-11,CUST0030,No,2022Q4
1941,2022-12-31,South,Furniture,Desk,7,210.81,1475.67,2022-12,CUST0084,No,2022Q4
1942,2022-08-17,East,Electronics,Chair,9,210.81,1897.29,2022-08,CUST0166,Yes,2022Q3
1943,2022-10-16,North,Electronics,Notebook,5,210.81,1054.05,2022-10,CUST0284,No,2022Q4
1944,2022-05-30,North,Office Supplies,Laptop,4,210.81,843.24,2022-05,CUST0281,No,2022Q2
1945,2022-10-04,North,Furniture,Notebook,8,210.81,1686.48,2022-10,CUST0096,Yes,2022Q4
1946,2022-07-17,West,Office Supplies,Desk,9,210.81,1574.75,2022-07,CUST0266,No,2022Q3
1947,2022-03-11,East,Furniture,Notebook,7,210.81,1475.67,2022-03,CUST0298,No,2022Q1
1948,2022-04-22,South,Office Supplies,Printer,7,210.81,1475.67,2022-04,CUST0296,Yes,2022Q2
1949,2022-01-04,West,Electronics,Laptop,5,210.81,1054.05,2022-01,CUST0225,No,2022Q1
1950,2022-12-16,West,Furniture,Desk,4,210.81,843.24,2022-12,CUST0042,No,2022Q4
1951,2022-11-27,West,Office Supplies,Desk,1,210.81,210.81,2022-11,CUST0246,No,2022Q4
1952,2022-11-14,North,Electronics,Chair,7,210.81,1475.67,2022-11,CUST0208,No,2022Q4
1953,2022-12-16,East,Electronics,Chair,1,210.81,210.81,2022-12,CUST0237,No,2022Q4
1954,2022-04-05,West,Office Supplies,Printer,1,210.81,210.81,2022-04,CUST0022,No,2022Q2
1955,2022-06-01,South,Furniture,Desk,5,210.81,1054.05,2022-06,CUST0185,No,2022Q2
1956,2022-11-07,East,Furniture,Pen,9,210.81,1897.29,2022-11,CUST0242,Yes,2022Q4
1957,2022-05-17,South,Electronics,Desk,6,210.81,1264.86,2022-05,CUST0283,No,2022Q2
1958,2022-09-04,East,Furniture,Chair,3,210.81,632.43,2022-09,CUST0041,No,2022Q3
1959,2022-08-31,South,Furniture,Pen,3,210.81,632.43,2022-08,CUST0162,No,2022Q3
1960,2022-01-31,North,Furniture,Laptop,7,210.81,1475.67,2022-01,CUST0160,Yes,2022Q1
1961,2022-02-09,West,Electronics,Laptop,6,210.81,1264.86,2022-02,CUST0089,No,2022Q1
1962,2022-08-17,South,Office Supplies,Notebook,9,210.81,1897.29,2022-08,CUST0012,No,2022Q3
1963,2022-02-05,East,Furniture,Monitor,6,210.81,1264.86,2022-02,CUST0073,No,2022Q1
1964,2022-08-11,West,Electronics,Chair,5,210.81,874.86,2022-08,CUST0076,No,2022Q3
1965,2022-01-06,West,Electronics,Monitor,7,210.81,1475.67,2022-01,CUST0201,No,2022Q1
1966,2022-11-18,East,Office Supplies,Pen,1,210.81,210.81,2022-11,CUST0010,Yes,2022Q4
1967,2022-08-08,South,Furniture,Chair,7,210.81,1475.67,2022-08,CUST0226,No,2022Q3
1968,2022-03-16,North,Furniture,Printer,3,210.81,632.43,2022-03,CUST0176,No,2022Q1
1969,2022-01-04,North,Office Supplies,Desk,9,210.81,1897.29,2022-01,CUST0276,No,2022Q1
1970,2022-12-01,South,Office Supplies,Printer,6,210.81,1264.86,2022-12,CUST0039,Yes,2022Q4
1971,2022-05-14,West,Electronics,Pen,9,210.81,1897.29,2022-05,CUST0060,No,2022Q2
1972,2022-04-28,West,Electronics,Chair,5,210.81,1054.05,2022-04,CUST0066,No,2022Q2
1973,2022-04-04,West,Office Supplies,Phone,7,210.81,1475.67,2022-04,CUST0124,No,2022Q2
1974,2022-03-03,West,Furniture,Pen,4,210.81,843.24,2022-03,CUST0164,No,2022Q1
1975,2022-07-13,South,Electronics,Phone,7,210.81,1475.67,2022-07,CUST0159,No,2022Q3
1976,2022-12-01,West,Electronics,Desk,1,210.81,210.81,2022-12,CUST0057,No,2022Q4
1977,2022-07-22,East,Furniture,Laptop,7,210.81,1475.67,2022-07,CUST0078,No,2022Q3
1978,2022-01-26,West,Electronics,Laptop,8,210.81,1686.48,2022-01,CUST0194,No,2022Q1
1979,2022-06-22,North,Furniture,Pen,5,210.81,1054.05,2022-06,CUST0285,No,2022Q2
1980,2022-10-27,West,Furniture,Monitor,2,210.81,421.62,2022-10,CUST0015,No,2022Q4
1981,2022-05-13,South,Furniture,Chair,5,210.81,1054.05,2022-05,CUST0012,No,2022Q2
1982,2022-11-22,North,Office Supplies,Chair,6,210.81,1264.86,2022-11,CUST0101,Yes,2022Q4
1983,2022-04-28,South,Office Supplies,Laptop,2,210.81,421.62,2022-04,CUST0156,Yes,2022Q2
1984,2022-11-20,South,Office Supplies,Notebook,6,210.81,1264.86,2022-11,CUST0125,Yes,2022Q4
1985,2022-10-02,North,Furniture,Printer,6,210.81,1264.86,2022-10,CUST0280,Yes,2022Q4
1986,2022-07-31,South,Furniture,Notebook,1,210.81,210.81,2022-07,CUST0110,No,2022Q3
1987,2022-08-13,South,Office Supplies,Desk,1,210.81,210.81,2022-08,CUST0146,Yes,2022Q3
1988,2022-01-20,West,Electronics,Printer,3,210.81,632.43,2022-01,CUST0216,No,2022Q1
1989,2022-04-23,East,Furniture,Printer,3,210.81,632.43,2022-04,CUST0162,No,2022Q2
1990,2022-05-20,South,Electronics,Pen,4,210.81,843.24,2022-05,CUST0128,No,2022Q2
1991,2022-02-16,South,Electronics,Laptop,2,210.81,421.62,2022-02,CUST0150,No,2022Q1
1992,2022-01-01,South,Furniture,Notebook,9,210.81,1897.29,2022-01,CUST0036,Yes,2022Q1
1993,2022-03-31,West,Furniture,Notebook,7,210.81,1475.67,2022-03,CUST0173,No,2022Q1
1994,2022-05-22,East,Electronics,Laptop,7,210.81,1475.67,2022-05,CUST0022,No,2022Q2
1995,2022-11-16,North,Electronics,Notebook,6,210.81,1264.86,2022-11,CUST0206,Yes,2022Q4
1996,2022-02-07,West,Office Supplies,Phone,3,210.81,632.43,2022-02,CUST0127,No,2022Q1
1997,2022-10-20,West,Office Supplies,Laptop,6,210.81,1264.86,2022-10,CUST0217,No,2022Q4
1998,2022-05-19,East,Furniture,Pen,8,210.81,1686.48,2022-05,CUST0096,Yes,2022Q2
1999,2022-12-22,East,Office Supplies,Monitor,8,210.81,1686.48,2022-12,CUST0164,No,2022Q4
2000,2022-11-29,West,Office Supplies,Printer,9,210.81,1897.29,2022-11,CUST0148,No,2022Q4
