Order ID,Order Date,Region,Product Category,Product,Quantity,Unit Price,Total Sales,Month
1001,2022-04-13,East,Electronics,Chair,6,210.81,1264.8600000000001,2022-04
1002,2022-12-15,East,Office Supplies,Notebook,2,210.81,421.62,2022-12
1003,2022-09-28,North,Electronics,Phone,4,210.81,843.24,2022-09
1004,2022-04-17,South,Office Supplies,Monitor,3,210.81,632.4300000000001,2022-04
1005,2022-03-13,South,Electronics,Printer,7,210.81,1475.67,2022-03
1006,2022-07-08,West,Furniture,Pen,9,210.81,1897.29,2022-07
1007,2022-01-21,South,Office Supplies,Chair,5,210.81,1054.05,2022-01
1008,2022-04-13,North,Office Supplies,Printer,6,210.81,1264.8600000000001,2022-04
1009,2022-05-02,East,Office Supplies,Printer,2,210.81,421.62,2022-05
1010,2022-08-03,South,Office Supplies,Laptop,3,210.81,632.4300000000001,2022-08
1011,2022-11-27,West,Furniture,Phone,3,210.81,632.4300000000001,2022-11
1012,2022-03-29,South,Office Supplies,Chair,9,210.81,1897.29,2022-03
1013,2022-04-10,North,Furniture,Notebook,7,210.81,1475.67,2022-04
1014,2022-12-26,West,Furniture,Pen,8,210.81,1686.48,2022-12
1015,2022-06-01,South,Furniture,Chair,9,210.81,1897.29,2022-06
1016,2022-05-11,West,Furniture,Notebook,6,210.81,1264.8600000000001,2022-05
1017,2022-05-30,North,Electronics,Printer,4,210.81,843.24,2022-05
1018,2022-11-05,East,Electronics,Pen,1,210.81,210.81,2022-11
1019,2022-09-15,North,Office Supplies,Notebook,8,210.81,1686.48,2022-09
1020,2022-12-10,North,Electronics,Monitor,7,210.81,1475.67,2022-12
1021,2022-10-21,North,Electronics,Notebook,2,210.81,421.62,2022-10
1022,2022-07-11,North,Office Supplies,Laptop,8,210.81,1686.48,2022-07
1023,2022-10-04,East,Office Supplies,Phone,5,210.81,1054.05,2022-10
1024,2022-06-10,East,Office Supplies,Printer,7,210.81,1475.67,2022-06
1025,2022-11-10,West,Electronics,Notebook,4,210.81,843.24,2022-11
1026,2022-01-22,South,Electronics,Phone,5,210.81,1054.05,2022-01
1027,2022-09-10,East,Office Supplies,Desk,8,210.81,1686.48,2022-09
1028,2022-08-24,East,Furniture,Desk,1,210.81,210.81,2022-08
1029,2022-12-11,South,Office Supplies,Phone,1,210.81,210.81,2022-12
1030,2022-02-18,East,Furniture,Phone,4,210.81,843.24,2022-02
1031,2022-02-28,North,Furniture,Laptop,3,210.81,632.4300000000001,2022-02
1032,2022-06-19,North,Office Supplies,Monitor,2,210.81,421.62,2022-06
1033,2022-07-07,South,Office Supplies,Printer,3,210.81,632.4300000000001,2022-07
1034,2022-09-28,West,Office Supplies,Chair,1,210.81,210.81,2022-09
1035,2022-07-09,West,Electronics,Laptop,1,210.81,210.81,2022-07
1036,2022-06-24,South,Furniture,Monitor,6,210.81,1264.8600000000001,2022-06
1037,2022-02-20,South,Electronics,Phone,5,210.81,1054.05,2022-02
1038,2022-12-30,North,Electronics,Chair,8,210.81,1686.48,2022-12
1039,2022-02-24,West,Office Supplies,Phone,2,210.81,421.62,2022-02
1040,2022-09-01,East,Electronics,Phone,4,210.81,843.24,2022-09
1041,2022-11-16,North,Office Supplies,Desk,8,210.81,1686.48,2022-11
1042,2022-05-11,South,Furniture,Desk,6,210.81,1264.8600000000001,2022-05
1043,2022-11-03,West,Office Supplies,Chair,1,210.81,210.81,2022-11
1044,2022-05-15,East,Electronics,Laptop,4,210.81,843.24,2022-05
1045,2022-01-21,East,Electronics,Desk,1,210.81,210.81,2022-01
1046,2022-11-25,North,Office Supplies,Printer,2,210.81,421.62,2022-11
1047,2022-06-16,West,Office Supplies,Phone,5,210.81,1054.05,2022-06
1048,2022-10-01,West,Electronics,Pen,8,210.81,1686.48,2022-10
1049,2022-03-30,South,Furniture,Notebook,8,210.81,1686.48,2022-03
1050,2022-11-12,West,Furniture,Chair,3,210.81,632.4300000000001,2022-11
1051,2022-01-14,West,Office Supplies,Chair,4,210.81,843.24,2022-01
1052,2022-08-30,North,Furniture,Desk,6,210.81,1264.8600000000001,2022-08
1053,2022-09-22,West,Electronics,Laptop,3,210.81,632.4300000000001,2022-09
1054,2022-12-12,East,Office Supplies,Phone,2,210.81,421.62,2022-12
1055,2022-02-22,North,Electronics,Printer,6,210.81,1264.8600000000001,2022-02
1056,2022-12-06,North,Electronics,Laptop,5,210.81,1054.05,2022-12
1057,2022-04-02,South,Furniture,Monitor,5,210.81,1054.05,2022-04
1058,2022-09-21,West,Office Supplies,Monitor,5,210.81,1054.05,2022-09
1059,2022-02-04,South,Office Supplies,Pen,5,210.81,1054.05,2022-02
1060,2022-07-25,East,Furniture,Desk,3,210.81,632.4300000000001,2022-07
1061,2022-03-22,North,Electronics,Desk,7,210.81,1475.67,2022-03
1062,2022-02-19,North,Electronics,Desk,6,210.81,1264.8600000000001,2022-02
1063,2022-12-26,North,Electronics,Pen,4,210.81,843.24,2022-12
1064,2022-01-02,East,Electronics,Monitor,2,210.81,421.62,2022-01
1065,2022-02-23,East,Office Supplies,Laptop,9,210.81,1897.29,2022-02
1066,2022-04-16,South,Office Supplies,Pen,1,210.81,210.81,2022-04
1067,2022-09-17,South,Furniture,Pen,4,210.81,843.24,2022-09
1068,2022-11-06,South,Furniture,Laptop,1,210.81,210.81,2022-11
1069,2022-07-10,West,Office Supplies,Desk,6,210.81,1264.8600000000001,2022-07
1070,2022-08-06,North,Office Supplies,Printer,4,210.81,843.24,2022-08
1071,2022-02-13,North,Electronics,Laptop,5,210.81,1054.05,2022-02
1072,2022-06-11,South,Electronics,Monitor,5,210.81,1054.05,2022-06
1073,2022-07-21,North,Furniture,Chair,9,210.81,1897.29,2022-07
1074,2022-09-27,South,Office Supplies,Phone,1,210.81,210.81,2022-09
1075,2022-12-17,West,Furniture,Chair,2,210.81,421.62,2022-12
1076,2022-10-31,West,Office Supplies,Notebook,6,210.81,1264.8600000000001,2022-10
1077,2022-09-28,East,Electronics,Notebook,5,210.81,1054.05,2022-09
1078,2022-08-03,West,Furniture,Pen,7,210.81,1475.67,2022-08
1079,2022-09-09,South,Furniture,Phone,3,210.81,632.4300000000001,2022-09
1080,2022-07-09,West,Office Supplies,Chair,3,210.81,632.4300000000001,2022-07
1081,2022-10-23,East,Electronics,Printer,2,210.81,421.62,2022-10
1082,2022-08-01,North,Furniture,Desk,3,210.81,632.4300000000001,2022-08
1083,2022-07-27,South,Electronics,Monitor,1,210.81,210.81,2022-07
1084,2022-08-25,North,Furniture,Notebook,5,210.81,1054.05,2022-08
1085,2022-12-04,East,Electronics,Printer,5,210.81,1054.05,2022-12
1086,2022-02-22,East,Office Supplies,Monitor,7,210.81,1475.67,2022-02
1087,2022-10-07,East,Furniture,Monitor,4,210.81,843.24,2022-10
1088,2022-08-05,North,Furniture,Desk,3,210.81,632.4300000000001,2022-08
1089,2022-09-09,North,Electronics,Phone,1,210.81,210.81,2022-09
1090,2022-07-07,North,Electronics,Pen,8,210.81,1686.48,2022-07
1091,2022-02-10,North,Furniture,Chair,3,210.81,632.4300000000001,2022-02
1092,2022-06-06,East,Office Supplies,Desk,2,210.81,421.62,2022-06
1093,2022-01-15,East,Electronics,Printer,4,210.81,843.24,2022-01
1094,2022-10-28,South,Electronics,Pen,3,210.81,632.4300000000001,2022-10
1095,2022-03-06,South,Electronics,Printer,1,210.81,210.81,2022-03
1096,2022-12-11,North,Furniture,Pen,3,210.81,632.4300000000001,2022-12
1097,2022-11-23,West,Furniture,Phone,2,210.81,421.62,2022-11
1098,2022-01-09,West,Furniture,Notebook,8,210.81,1686.48,2022-01
1099,2022-12-10,East,Furniture,Printer,6,210.81,1264.8600000000001,2022-12
1100,2022-05-09,East,Office Supplies,Desk,9,210.81,1897.29,2022-05
1101,2022-05-16,East,Office Supplies,Pen,8,210.81,1686.48,2022-05
1102,2022-03-04,South,Furniture,Pen,3,210.81,632.4300000000001,2022-03
1103,2022-05-19,South,Office Supplies,Monitor,5,210.81,1054.05,2022-05
1104,2022-03-22,East,Electronics,Monitor,7,210.81,1475.67,2022-03
1105,2022-06-12,East,Electronics,Laptop,5,210.81,1054.05,2022-06
1106,2022-10-16,East,Electronics,Printer,8,210.81,1686.48,2022-10
1107,2022-09-18,West,Furniture,Monitor,5,210.81,1054.05,2022-09
1108,2022-08-19,South,Electronics,Laptop,1,210.81,210.81,2022-08
1109,2022-02-10,West,Office Supplies,Notebook,5,210.81,1054.05,2022-02
1110,2022-01-28,West,Furniture,Notebook,4,210.81,843.24,2022-01
1111,2022-05-15,East,Office Supplies,Monitor,6,210.81,1264.8600000000001,2022-05
1112,2022-07-20,East,Electronics,Printer,3,210.81,632.4300000000001,2022-07
1113,2022-11-24,North,Electronics,Pen,5,210.81,1054.05,2022-11
1114,2022-09-25,North,Electronics,Chair,2,210.81,421.62,2022-09
1115,2022-02-02,West,Furniture,Phone,6,210.81,1264.8600000000001,2022-02
1116,2022-02-17,South,Office Supplies,Printer,6,210.81,1264.8600000000001,2022-02
1117,2022-03-03,East,Furniture,Phone,5,210.81,1054.05,2022-03
1118,2022-08-04,East,Furniture,Desk,6,210.81,1264.8600000000001,2022-08
1119,2022-10-20,West,Electronics,Notebook,7,210.81,1475.67,2022-10
1120,2022-04-09,North,Furniture,Monitor,5,210.81,1054.05,2022-04
1121,2022-06-21,South,Furniture,Monitor,1,210.81,210.81,2022-06
1122,2022-12-26,North,Electronics,Phone,8,210.81,1686.48,2022-12
1123,2022-08-02,North,Furniture,Pen,4,210.81,843.24,2022-08
1124,2022-02-04,North,Electronics,Phone,9,210.81,1897.29,2022-02
1125,2022-08-15,North,Electronics,Desk,6,210.81,1264.8600000000001,2022-08
1126,2022-04-11,East,Electronics,Pen,1,210.81,210.81,2022-04
1127,2022-05-11,East,Electronics,Desk,3,210.81,632.4300000000001,2022-05
1128,2022-09-14,North,Furniture,Chair,3,210.81,632.4300000000001,2022-09
1129,2022-01-05,South,Electronics,Notebook,4,210.81,843.24,2022-01
1130,2022-08-06,West,Electronics,Monitor,6,210.81,1264.8600000000001,2022-08
1131,2022-09-12,South,Furniture,Monitor,7,210.81,1475.67,2022-09
1132,2022-12-25,South,Furniture,Chair,4,210.81,843.24,2022-12
1133,2022-10-10,South,Office Supplies,Laptop,6,210.81,1264.8600000000001,2022-10
1134,2022-07-26,North,Furniture,Notebook,1,210.81,210.81,2022-07
1135,2022-01-15,East,Furniture,Pen,8,210.81,1686.48,2022-01
1136,2022-12-12,South,Office Supplies,Chair,7,210.81,1475.67,2022-12
1137,2022-02-11,North,Furniture,Pen,9,210.81,1897.29,2022-02
1138,2022-06-28,South,Furniture,Phone,3,210.81,632.4300000000001,2022-06
1139,2022-03-04,South,Furniture,Printer,2,210.81,421.62,2022-03
1140,2022-12-18,North,Furniture,Monitor,1,210.81,210.81,2022-12
1141,2022-08-19,East,Office Supplies,Pen,3,210.81,632.4300000000001,2022-08
1142,2022-08-29,East,Furniture,Desk,5,210.81,1054.05,2022-08
1143,2022-02-21,West,Furniture,Pen,2,210.81,421.62,2022-02
1144,2022-04-06,North,Office Supplies,Printer,3,210.81,632.4300000000001,2022-04
1145,2022-08-10,West,Electronics,Notebook,4,210.81,843.24,2022-08
1146,2022-08-19,West,Office Supplies,Monitor,7,210.81,1475.67,2022-08
1147,2022-08-25,West,Electronics,Phone,3,210.81,632.4300000000001,2022-08
1148,2022-05-23,East,Office Supplies,Chair,9,210.81,1897.29,2022-05
1149,2022-06-20,North,Office Supplies,Phone,8,210.81,1686.48,2022-06
1150,2022-01-29,West,Furniture,Printer,4,210.81,843.24,2022-01
1151,2022-02-05,North,Electronics,Monitor,1,210.81,210.81,2022-02
1152,2022-01-13,North,Furniture,Pen,1,210.81,210.81,2022-01
1153,2022-06-09,East,Electronics,Notebook,1,210.81,210.81,2022-06
1154,2022-11-23,West,Office Supplies,Laptop,1,210.81,210.81,2022-11
1155,2022-07-06,West,Office Supplies,Notebook,8,210.81,1686.48,2022-07
1156,2022-08-31,North,Electronics,Laptop,3,210.81,632.4300000000001,2022-08
1157,2022-03-27,South,Furniture,Desk,6,210.81,1264.8600000000001,2022-03
1158,2022-10-11,East,Furniture,Notebook,3,210.81,632.4300000000001,2022-10
1159,2022-03-07,East,Furniture,Monitor,5,210.81,1054.05,2022-03
1160,2022-06-19,East,Furniture,Laptop,7,210.81,1475.67,2022-06
1161,2022-02-14,East,Office Supplies,Chair,2,210.81,421.62,2022-02
1162,2022-03-03,West,Office Supplies,Monitor,6,210.81,1264.8600000000001,2022-03
1163,2022-05-14,West,Office Supplies,Chair,6,210.81,1264.8600000000001,2022-05
1164,2022-10-11,South,Office Supplies,Notebook,3,210.81,632.4300000000001,2022-10
1165,2022-01-28,East,Office Supplies,Chair,6,210.81,1264.8600000000001,2022-01
1166,2022-04-18,East,Furniture,Laptop,5,210.81,1054.05,2022-04
1167,2022-02-13,North,Furniture,Monitor,2,210.81,421.62,2022-02
1168,2022-12-06,West,Furniture,Pen,9,210.81,1897.29,2022-12
1169,2022-10-13,East,Furniture,Printer,8,210.81,1686.48,2022-10
1170,2022-11-27,South,Office Supplies,Laptop,3,210.81,632.4300000000001,2022-11
1171,2022-05-08,South,Office Supplies,Laptop,8,210.81,1686.48,2022-05
1172,2022-12-14,West,Office Supplies,Pen,9,210.81,1897.29,2022-12
1173,2022-08-19,South,Electronics,Monitor,3,210.81,632.4300000000001,2022-08
1174,2022-07-09,South,Furniture,Monitor,3,210.81,632.4300000000001,2022-07
1175,2022-08-13,West,Furniture,Phone,2,210.81,421.62,2022-08
1176,2022-10-10,East,Office Supplies,Notebook,8,210.81,1686.48,2022-10
1177,2022-05-01,East,Furniture,Chair,1,210.81,210.81,2022-05
1178,2022-04-26,South,Furniture,Notebook,8,210.81,1686.48,2022-04
1179,2022-08-21,South,Office Supplies,Pen,7,210.81,1475.67,2022-08
1180,2022-09-16,East,Electronics,Notebook,7,210.81,1475.67,2022-09
1181,2022-12-25,West,Electronics,Pen,3,210.81,632.4300000000001,2022-12
1182,2022-07-17,South,Electronics,Monitor,1,210.81,210.81,2022-07
1183,2022-05-17,North,Office Supplies,Chair,4,210.81,843.24,2022-05
1184,2022-11-14,West,Furniture,Notebook,9,210.81,1897.29,2022-11
1185,2022-06-14,South,Office Supplies,Laptop,5,210.81,1054.05,2022-06
1186,2022-08-13,South,Office Supplies,Desk,1,210.81,210.81,2022-08
1187,2022-11-03,North,Furniture,Phone,5,210.81,1054.05,2022-11
1188,2022-08-22,North,Electronics,Printer,8,210.81,1686.48,2022-08
1189,2022-06-21,East,Electronics,Laptop,8,210.81,1686.48,2022-06
1190,2022-06-01,West,Office Supplies,Monitor,5,210.81,1054.05,2022-06
1191,2022-11-11,West,Electronics,Printer,9,210.81,1897.29,2022-11
1192,2022-06-09,East,Office Supplies,Desk,1,210.81,210.81,2022-06
1193,2022-04-06,West,Office Supplies,Desk,4,210.81,843.24,2022-04
1194,2022-08-21,West,Furniture,Chair,3,210.81,632.4300000000001,2022-08
1195,2022-06-29,West,Furniture,Printer,2,210.81,421.62,2022-06
1196,2022-04-23,West,Furniture,Chair,8,210.81,1686.48,2022-04
1197,2022-11-14,West,Office Supplies,Laptop,7,210.81,1475.67,2022-11
1198,2022-02-21,North,Furniture,Pen,9,210.81,1897.29,2022-02
1199,2022-09-25,West,Electronics,Pen,2,210.81,421.62,2022-09
1200,2022-10-22,North,Electronics,Pen,4,210.81,843.24,2022-10
1201,2022-04-23,West,Office Supplies,Printer,6,210.81,1264.8600000000001,2022-04
1202,2022-04-11,East,Office Supplies,Pen,3,210.81,632.4300000000001,2022-04
1203,2022-04-23,South,Furniture,Laptop,8,210.81,1686.48,2022-04
1204,2022-03-22,North,Office Supplies,Chair,3,210.81,632.4300000000001,2022-03
1205,2022-07-06,West,Office Supplies,Printer,2,210.81,421.62,2022-07
1206,2022-04-23,East,Electronics,Chair,3,210.81,632.4300000000001,2022-04
1207,2022-01-02,South,Electronics,Printer,6,210.81,1264.8600000000001,2022-01
1208,2022-05-10,North,Furniture,Chair,2,210.81,421.62,2022-05
1209,2022-08-08,South,Office Supplies,Desk,8,210.81,1686.48,2022-08
1210,2022-02-23,East,Office Supplies,Chair,1,210.81,210.81,2022-02
1211,2022-12-09,North,Electronics,Pen,7,210.81,1475.67,2022-12
1212,2022-08-12,South,Office Supplies,Desk,2,210.81,421.62,2022-08
1213,2022-08-13,West,Electronics,Chair,6,210.81,1264.8600000000001,2022-08
1214,2022-05-06,North,Furniture,Printer,2,210.81,421.62,2022-05
1215,2022-05-10,South,Electronics,Printer,2,210.81,421.62,2022-05
1216,2022-02-22,East,Office Supplies,Phone,8,210.81,1686.48,2022-02
1217,2022-06-21,East,Furniture,Printer,2,210.81,421.62,2022-06
1218,2022-08-06,North,Electronics,Monitor,7,210.81,1475.67,2022-08
1219,2022-06-09,South,Electronics,Laptop,3,210.81,632.4300000000001,2022-06
1220,2022-07-17,North,Furniture,Printer,8,210.81,1686.48,2022-07
1221,2022-09-04,North,Furniture,Desk,7,210.81,1475.67,2022-09
1222,2022-11-20,South,Electronics,Phone,8,210.81,1686.48,2022-11
1223,2022-07-22,South,Office Supplies,Printer,7,210.81,1475.67,2022-07
1224,2022-07-03,West,Electronics,Monitor,6,210.81,1264.8600000000001,2022-07
1225,2022-05-03,South,Furniture,Pen,7,210.81,1475.67,2022-05
1226,2022-09-12,East,Electronics,Desk,5,210.81,1054.05,2022-09
1227,2022-10-21,North,Furniture,Monitor,7,210.81,1475.67,2022-10
1228,2022-10-07,North,Furniture,Pen,1,210.81,210.81,2022-10
1229,2022-11-21,East,Office Supplies,Notebook,1,210.81,210.81,2022-11
1230,2022-04-08,South,Furniture,Notebook,9,210.81,1897.29,2022-04
1231,2022-07-17,East,Furniture,Desk,5,210.81,1054.05,2022-07
1232,2022-08-28,East,Office Supplies,Chair,5,210.81,1054.05,2022-08
1233,2022-05-24,West,Furniture,Laptop,3,210.81,632.4300000000001,2022-05
1234,2022-04-07,East,Office Supplies,Phone,5,210.81,1054.05,2022-04
1235,2022-07-20,North,Office Supplies,Laptop,3,210.81,632.4300000000001,2022-07
1236,2022-05-04,East,Furniture,Monitor,9,210.81,1897.29,2022-05
1237,2022-07-06,North,Furniture,Pen,9,210.81,1897.29,2022-07
1238,2022-11-22,North,Electronics,Laptop,6,210.81,1264.8600000000001,2022-11
1239,2022-12-15,North,Office Supplies,Pen,1,210.81,210.81,2022-12
1240,2022-09-16,South,Electronics,Pen,7,210.81,1475.67,2022-09
1241,2022-05-28,West,Furniture,Monitor,7,210.81,1475.67,2022-05
1242,2022-09-09,North,Electronics,Monitor,4,210.81,843.24,2022-09
1243,2022-12-12,North,Office Supplies,Monitor,8,210.81,1686.48,2022-12
1244,2022-05-27,South,Electronics,Laptop,6,210.81,1264.8600000000001,2022-05
1245,2022-05-28,North,Office Supplies,Notebook,4,210.81,843.24,2022-05
1246,2022-12-18,East,Furniture,Monitor,4,210.81,843.24,2022-12
1247,2022-07-18,East,Furniture,Phone,2,210.81,421.62,2022-07
1248,2022-11-04,West,Office Supplies,Laptop,2,210.81,421.62,2022-11
1249,2022-05-08,North,Furniture,Monitor,4,210.81,843.24,2022-05
1250,2022-02-08,South,Furniture,Printer,5,210.81,1054.05,2022-02
1251,2022-12-04,East,Furniture,Pen,8,210.81,1686.48,2022-12
1252,2022-12-26,South,Furniture,Phone,6,210.81,1264.8600000000001,2022-12
1253,2022-05-09,South,Office Supplies,Monitor,4,210.81,843.24,2022-05
1254,2022-09-24,East,Electronics,Desk,7,210.81,1475.67,2022-09
1255,2022-05-31,South,Electronics,Pen,8,210.81,1686.48,2022-05
1256,2022-10-25,East,Furniture,Pen,2,210.81,421.62,2022-10
1257,2022-04-09,South,Electronics,Monitor,7,210.81,1475.67,2022-04
1258,2022-09-20,East,Electronics,Notebook,2,210.81,421.62,2022-09
1259,2022-09-09,North,Furniture,Chair,2,210.81,421.62,2022-09
1260,2022-05-24,West,Furniture,Notebook,8,210.81,1686.48,2022-05
1261,2022-12-12,East,Electronics,Monitor,2,210.81,421.62,2022-12
1262,2022-04-22,East,Office Supplies,Pen,9,210.81,1897.29,2022-04
1263,2022-03-01,West,Furniture,Phone,1,210.81,210.81,2022-03
1264,2022-01-02,East,Office Supplies,Desk,9,210.81,1897.29,2022-01
1265,2022-10-31,East,Electronics,Phone,1,210.81,210.81,2022-10
1266,2022-09-11,South,Furniture,Phone,2,210.81,421.62,2022-09
1267,2022-05-20,West,Office Supplies,Pen,6,210.81,1264.8600000000001,2022-05
1268,2022-02-06,North,Furniture,Notebook,6,210.81,1264.8600000000001,2022-02
1269,2022-06-09,East,Electronics,Desk,1,210.81,210.81,2022-06
1270,2022-01-09,West,Office Supplies,Laptop,7,210.81,1475.67,2022-01
1271,2022-08-21,South,Electronics,Printer,8,210.81,1686.48,2022-08
1272,2022-04-09,North,Electronics,Pen,2,210.81,421.62,2022-04
1273,2022-05-27,West,Furniture,Monitor,8,210.81,1686.48,2022-05
1274,2022-10-31,North,Office Supplies,Laptop,9,210.81,1897.29,2022-10
1275,2022-07-27,North,Electronics,Printer,6,210.81,1264.8600000000001,2022-07
1276,2022-05-11,North,Electronics,Monitor,5,210.81,1054.05,2022-05
1277,2022-06-01,East,Office Supplies,Phone,9,210.81,1897.29,2022-06
1278,2022-02-23,East,Electronics,Chair,9,210.81,1897.29,2022-02
1279,2022-04-30,South,Electronics,Monitor,1,210.81,210.81,2022-04
1280,2022-06-10,South,Office Supplies,Desk,3,210.81,632.4300000000001,2022-06
1281,2022-04-26,West,Office Supplies,Desk,9,210.81,1897.29,2022-04
1282,2022-03-16,South,Office Supplies,Chair,2,210.81,421.62,2022-03
1283,2022-04-23,North,Office Supplies,Laptop,4,210.81,843.24,2022-04
1284,2022-04-14,North,Furniture,Printer,4,210.81,843.24,2022-04
1285,2022-12-06,East,Office Supplies,Monitor,2,210.81,421.62,2022-12
1286,2022-09-11,North,Furniture,Desk,3,210.81,632.4300000000001,2022-09
1287,2022-08-15,West,Furniture,Laptop,3,210.81,632.4300000000001,2022-08
1288,2022-04-22,North,Furniture,Chair,1,210.81,210.81,2022-04
1289,2022-04-09,North,Electronics,Notebook,6,210.81,1264.8600000000001,2022-04
1290,2022-06-02,West,Furniture,Pen,8,210.81,1686.48,2022-06
1291,2022-12-15,South,Furniture,Notebook,3,210.81,632.4300000000001,2022-12
1292,2022-12-04,South,Electronics,Notebook,5,210.81,1054.05,2022-12
1293,2022-07-13,West,Electronics,Desk,1,210.81,210.81,2022-07
1294,2022-11-06,East,Electronics,Phone,7,210.81,1475.67,2022-11
1295,2022-06-12,North,Office Supplies,Phone,1,210.81,210.81,2022-06
1296,2022-07-27,West,Electronics,Chair,9,210.81,1897.29,2022-07
1297,2022-06-18,North,Electronics,Monitor,8,210.81,1686.48,2022-06
1298,2022-06-10,East,Furniture,Phone,7,210.81,1475.67,2022-06
1299,2022-03-09,North,Electronics,Notebook,7,210.81,1475.67,2022-03
1300,2022-10-16,West,Office Supplies,Phone,5,210.81,1054.05,2022-10
1301,2022-10-04,North,Electronics,Notebook,5,210.81,1054.05,2022-10
1302,2022-10-31,South,Office Supplies,Printer,5,210.81,1054.05,2022-10
1303,2022-05-15,East,Electronics,Desk,1,210.81,210.81,2022-05
1304,2022-07-14,East,Electronics,Desk,8,210.81,1686.48,2022-07
1305,2022-05-08,East,Electronics,Monitor,1,210.81,210.81,2022-05
1306,2022-02-02,West,Electronics,Phone,4,210.81,843.24,2022-02
1307,2022-06-25,East,Office Supplies,Phone,9,210.81,1897.29,2022-06
1308,2022-01-22,South,Office Supplies,Pen,9,210.81,1897.29,2022-01
1309,2022-08-26,West,Furniture,Laptop,5,210.81,1054.05,2022-08
1310,2022-06-07,South,Office Supplies,Printer,4,210.81,843.24,2022-06
1311,2022-02-07,North,Electronics,Desk,3,210.81,632.4300000000001,2022-02
1312,2022-08-18,North,Furniture,Printer,3,210.81,632.4300000000001,2022-08
1313,2022-12-31,North,Furniture,Desk,5,210.81,1054.05,2022-12
1314,2022-02-20,North,Furniture,Printer,1,210.81,210.81,2022-02
1315,2022-09-21,South,Electronics,Chair,5,210.81,1054.05,2022-09
1316,2022-10-10,West,Office Supplies,Notebook,6,210.81,1264.8600000000001,2022-10
1317,2022-01-27,West,Electronics,Desk,7,210.81,1475.67,2022-01
1318,2022-08-14,East,Furniture,Printer,9,210.81,1897.29,2022-08
1319,2022-10-04,South,Electronics,Phone,3,210.81,632.4300000000001,2022-10
1320,2022-10-13,North,Electronics,Laptop,2,210.81,421.62,2022-10
1321,2022-04-07,South,Office Supplies,Chair,3,210.81,632.4300000000001,2022-04
1322,2022-10-11,East,Office Supplies,Chair,9,210.81,1897.29,2022-10
1323,2022-11-13,East,Furniture,Laptop,7,210.81,1475.67,2022-11
1324,2022-10-31,South,Electronics,Printer,9,210.81,1897.29,2022-10
1325,2022-05-27,South,Electronics,Phone,2,210.81,421.62,2022-05
1326,2022-01-04,South,Office Supplies,Monitor,5,210.81,1054.05,2022-01
1327,2022-02-04,West,Electronics,Laptop,4,210.81,843.24,2022-02
1328,2022-07-11,North,Electronics,Printer,2,210.81,421.62,2022-07
1329,2022-02-18,South,Electronics,Laptop,9,210.81,1897.29,2022-02
1330,2022-01-17,South,Office Supplies,Laptop,9,210.81,1897.29,2022-01
1331,2022-06-21,South,Furniture,Desk,6,210.81,1264.8600000000001,2022-06
1332,2022-08-08,East,Furniture,Printer,6,210.81,1264.8600000000001,2022-08
1333,2022-06-07,East,Electronics,Monitor,8,210.81,1686.48,2022-06
1334,2022-02-15,West,Furniture,Notebook,6,210.81,1264.8600000000001,2022-02
1335,2022-01-06,North,Office Supplies,Desk,1,210.81,210.81,2022-01
1336,2022-04-09,West,Office Supplies,Laptop,4,210.81,843.24,2022-04
1337,2022-08-21,North,Furniture,Notebook,7,210.81,1475.67,2022-08
1338,2022-02-06,East,Furniture,Pen,2,210.81,421.62,2022-02
1339,2022-10-07,East,Electronics,Notebook,9,210.81,1897.29,2022-10
1340,2022-12-15,East,Furniture,Laptop,8,210.81,1686.48,2022-12
1341,2022-10-29,West,Electronics,Laptop,8,210.81,1686.48,2022-10
1342,2022-06-30,South,Electronics,Phone,7,210.81,1475.67,2022-06
1343,2022-04-05,South,Office Supplies,Printer,4,210.81,843.24,2022-04
1344,2022-04-09,East,Office Supplies,Printer,2,210.81,421.62,2022-04
1345,2022-07-07,South,Office Supplies,Desk,3,210.81,632.4300000000001,2022-07
1346,2022-04-26,South,Office Supplies,Monitor,6,210.81,1264.8600000000001,2022-04
1347,2022-07-10,West,Furniture,Desk,5,210.81,1054.05,2022-07
1348,2022-09-10,North,Office Supplies,Chair,8,210.81,1686.48,2022-09
1349,2022-06-10,East,Furniture,Laptop,6,210.81,1264.8600000000001,2022-06
1350,2022-09-13,East,Office Supplies,Notebook,6,210.81,1264.8600000000001,2022-09
1351,2022-11-19,West,Furniture,Pen,1,210.81,210.81,2022-11
1352,2022-05-08,West,Electronics,Laptop,4,210.81,843.24,2022-05
1353,2022-01-18,South,Furniture,Laptop,5,210.81,1054.05,2022-01
1354,2022-10-08,East,Furniture,Desk,3,210.81,632.4300000000001,2022-10
1355,2022-08-11,North,Office Supplies,Pen,9,210.81,1897.29,2022-08
1356,2022-02-23,West,Furniture,Pen,1,210.81,210.81,2022-02
1357,2022-02-27,North,Electronics,Pen,6,210.81,1264.8600000000001,2022-02
1358,2022-11-19,North,Electronics,Desk,6,210.81,1264.8600000000001,2022-11
1359,2022-12-26,East,Office Supplies,Laptop,5,210.81,1054.05,2022-12
1360,2022-06-23,East,Electronics,Desk,5,210.81,1054.05,2022-06
1361,2022-10-07,West,Furniture,Printer,5,210.81,1054.05,2022-10
1362,2022-04-24,East,Electronics,Printer,6,210.81,1264.8600000000001,2022-04
1363,2022-10-15,East,Office Supplies,Desk,8,210.81,1686.48,2022-10
1364,2022-12-08,East,Furniture,Pen,2,210.81,421.62,2022-12
1365,2022-05-31,North,Office Supplies,Phone,6,210.81,1264.8600000000001,2022-05
1366,2022-05-07,West,Furniture,Laptop,1,210.81,210.81,2022-05
1367,2022-06-04,South,Electronics,Desk,4,210.81,843.24,2022-06
1368,2022-09-30,North,Office Supplies,Desk,3,210.81,632.4300000000001,2022-09
1369,2022-04-14,East,Office Supplies,Desk,9,210.81,1897.29,2022-04
1370,2022-10-26,North,Furniture,Phone,3,210.81,632.4300000000001,2022-10
1371,2022-09-03,East,Office Supplies,Phone,6,210.81,1264.8600000000001,2022-09
1372,2022-06-25,East,Furniture,Chair,1,210.81,210.81,2022-06
1373,2022-02-08,North,Furniture,Printer,6,210.81,1264.8600000000001,2022-02
1374,2022-06-19,West,Furniture,Notebook,4,210.81,843.24,2022-06
1375,2022-09-04,East,Furniture,Pen,8,210.81,1686.48,2022-09
1376,2022-01-26,West,Electronics,Monitor,9,210.81,1897.29,2022-01
1377,2022-12-21,South,Furniture,Phone,4,210.81,843.24,2022-12
1378,2022-11-02,East,Office Supplies,Notebook,6,210.81,1264.8600000000001,2022-11
1379,2022-01-13,West,Electronics,Phone,1,210.81,210.81,2022-01
1380,2022-11-12,West,Office Supplies,Pen,4,210.81,843.24,2022-11
1381,2022-11-09,South,Electronics,Monitor,7,210.81,1475.67,2022-11
1382,2022-02-05,West,Furniture,Chair,1,210.81,210.81,2022-02
1383,2022-06-22,West,Electronics,Desk,8,210.81,1686.48,2022-06
1384,2022-01-20,South,Electronics,Chair,6,210.81,1264.8600000000001,2022-01
1385,2022-11-17,East,Office Supplies,Phone,5,210.81,1054.05,2022-11
1386,2022-09-21,West,Office Supplies,Chair,9,210.81,1897.29,2022-09
1387,2022-05-22,West,Furniture,Notebook,2,210.81,421.62,2022-05
1388,2022-05-23,West,Electronics,Laptop,5,210.81,1054.05,2022-05
1389,2022-04-02,North,Electronics,Phone,6,210.81,1264.8600000000001,2022-04
1390,2022-12-20,South,Electronics,Phone,7,210.81,1475.67,2022-12
1391,2022-11-18,North,Furniture,Notebook,5,210.81,1054.05,2022-11
1392,2022-10-15,South,Furniture,Printer,9,210.81,1897.29,2022-10
1393,2022-08-03,East,Furniture,Monitor,1,210.81,210.81,2022-08
1394,2022-12-08,East,Furniture,Desk,7,210.81,1475.67,2022-12
1395,2022-02-20,West,Furniture,Notebook,7,210.81,1475.67,2022-02
1396,2022-06-02,South,Office Supplies,Monitor,4,210.81,843.24,2022-06
1397,2022-07-05,East,Electronics,Pen,9,210.81,1897.29,2022-07
1398,2022-03-04,South,Electronics,Monitor,5,210.81,1054.05,2022-03
1399,2022-07-09,East,Electronics,Pen,4,210.81,843.24,2022-07
1400,2022-05-05,North,Electronics,Notebook,7,210.81,1475.67,2022-05
1401,2022-05-30,East,Electronics,Phone,4,210.81,843.24,2022-05
1402,2022-11-10,North,Electronics,Phone,3,210.81,632.4300000000001,2022-11
1403,2022-02-27,East,Electronics,Printer,9,210.81,1897.29,2022-02
1404,2022-12-08,West,Electronics,Notebook,8,210.81,1686.48,2022-12
1405,2022-11-01,North,Office Supplies,Pen,1,210.81,210.81,2022-11
1406,2022-06-29,East,Electronics,Monitor,7,210.81,1475.67,2022-06
1407,2022-06-19,West,Office Supplies,Monitor,9,210.81,1897.29,2022-06
1408,2022-11-22,North,Furniture,Pen,8,210.81,1686.48,2022-11
1409,2022-09-28,West,Electronics,Chair,8,210.81,1686.48,2022-09
1410,2022-02-23,South,Furniture,Printer,6,210.81,1264.8600000000001,2022-02
1411,2022-04-11,South,Furniture,Laptop,4,210.81,843.24,2022-04
1412,2022-09-21,North,Furniture,Phone,8,210.81,1686.48,2022-09
1413,2022-02-22,East,Office Supplies,Desk,3,210.81,632.4300000000001,2022-02
1414,2022-03-01,North,Furniture,Monitor,9,210.81,1897.29,2022-03
1415,2022-04-18,West,Furniture,Desk,2,210.81,421.62,2022-04
1416,2022-01-05,East,Furniture,Laptop,2,210.81,421.62,2022-01
1417,2022-04-13,South,Electronics,Notebook,7,210.81,1475.67,2022-04
1418,2022-07-15,East,Electronics,Desk,4,210.81,843.24,2022-07
1419,2022-09-19,South,Office Supplies,Laptop,8,210.81,1686.48,2022-09
1420,2022-12-31,East,Office Supplies,Phone,9,210.81,1897.29,2022-12
1421,2022-12-16,East,Electronics,Pen,7,210.81,1475.67,2022-12
1422,2022-02-16,East,Office Supplies,Chair,5,210.81,1054.05,2022-02
1423,2022-12-21,West,Electronics,Phone,8,210.81,1686.48,2022-12
1424,2022-11-07,West,Furniture,Monitor,4,210.81,843.24,2022-11
1425,2022-11-04,North,Furniture,Laptop,2,210.81,421.62,2022-11
1426,2022-05-24,North,Office Supplies,Desk,6,210.81,1264.8600000000001,2022-05
1427,2022-09-26,South,Electronics,Monitor,9,210.81,1897.29,2022-09
1428,2022-05-04,West,Electronics,Chair,1,210.81,210.81,2022-05
1429,2022-04-16,South,Office Supplies,Pen,7,210.81,1475.67,2022-04
1430,2022-06-07,North,Electronics,Notebook,9,210.81,1897.29,2022-06
1431,2022-05-27,South,Furniture,Monitor,9,210.81,1897.29,2022-05
1432,2022-05-25,North,Office Supplies,Notebook,3,210.81,632.4300000000001,2022-05
1433,2022-04-30,West,Office Supplies,Laptop,5,210.81,1054.05,2022-04
1434,2022-11-15,East,Electronics,Chair,8,210.81,1686.48,2022-11
1435,2022-10-02,West,Office Supplies,Desk,8,210.81,1686.48,2022-10
1436,2022-04-02,South,Electronics,Chair,4,210.81,843.24,2022-04
1437,2022-02-27,South,Electronics,Chair,1,210.81,210.81,2022-02
1438,2022-12-12,West,Electronics,Printer,1,210.81,210.81,2022-12
1439,2022-08-17,West,Electronics,Chair,4,210.81,843.24,2022-08
1440,2022-04-27,North,Electronics,Chair,6,210.81,1264.8600000000001,2022-04
1441,2022-11-14,South,Office Supplies,Phone,8,210.81,1686.48,2022-11
1442,2022-10-06,South,Furniture,Monitor,6,210.81,1264.8600000000001,2022-10
1443,2022-05-07,West,Furniture,Desk,9,210.81,1897.29,2022-05
1444,2022-05-09,East,Office Supplies,Phone,9,210.81,1897.29,2022-05
1445,2022-02-27,South,Office Supplies,Phone,2,210.81,421.62,2022-02
1446,2022-05-02,East,Furniture,Monitor,1,210.81,210.81,2022-05
1447,2022-01-01,West,Furniture,Monitor,2,210.81,421.62,2022-01
1448,2022-08-27,West,Furniture,Laptop,5,210.81,1054.05,2022-08
1449,2022-10-17,North,Furniture,Monitor,4,210.81,843.24,2022-10
1450,2022-04-06,South,Furniture,Printer,4,210.81,843.24,2022-04
1451,2022-05-06,East,Electronics,Printer,9,210.81,1897.29,2022-05
1452,2022-04-28,North,Office Supplies,Phone,8,210.81,1686.48,2022-04
1453,2022-02-17,South,Electronics,Notebook,6,210.81,1264.8600000000001,2022-02
1454,2022-03-30,North,Furniture,Laptop,1,210.81,210.81,2022-03
1455,2022-08-25,West,Furniture,Notebook,2,210.81,421.62,2022-08
1456,2022-09-29,South,Furniture,Notebook,6,210.81,1264.8600000000001,2022-09
1457,2022-07-08,North,Electronics,Phone,2,210.81,421.62,2022-07
1458,2022-07-11,North,Electronics,Pen,5,210.81,1054.05,2022-07
1459,2022-03-10,East,Furniture,Phone,5,210.81,1054.05,2022-03
1460,2022-10-05,North,Electronics,Desk,6,210.81,1264.8600000000001,2022-10
1461,2022-12-15,South,Electronics,Desk,6,210.81,1264.8600000000001,2022-12
1462,2022-09-04,South,Furniture,Monitor,6,210.81,1264.8600000000001,2022-09
1463,2022-03-17,East,Electronics,Monitor,2,210.81,421.62,2022-03
1464,2022-06-03,South,Office Supplies,Pen,3,210.81,632.4300000000001,2022-06
1465,2022-05-24,West,Office Supplies,Monitor,6,210.81,1264.8600000000001,2022-05
1466,2022-03-27,South,Office Supplies,Desk,8,210.81,1686.48,2022-03
1467,2022-07-04,South,Office Supplies,Notebook,1,210.81,210.81,2022-07
1468,2022-10-12,North,Furniture,Phone,1,210.81,210.81,2022-10
1469,2022-08-08,North,Furniture,Chair,2,210.81,421.62,2022-08
1470,2022-03-10,South,Furniture,Printer,6,210.81,1264.8600000000001,2022-03
1471,2022-02-16,East,Office Supplies,Chair,9,210.81,1897.29,2022-02
1472,2022-04-04,North,Office Supplies,Chair,4,210.81,843.24,2022-04
1473,2022-08-26,East,Electronics,Desk,3,210.81,632.4300000000001,2022-08
1474,2022-07-23,South,Electronics,Chair,8,210.81,1686.48,2022-07
1475,2022-08-06,South,Office Supplies,Phone,9,210.81,1897.29,2022-08
1476,2022-12-07,West,Office Supplies,Pen,5,210.81,1054.05,2022-12
1477,2022-02-08,North,Office Supplies,Laptop,9,210.81,1897.29,2022-02
1478,2022-04-10,South,Office Supplies,Monitor,2,210.81,421.62,2022-04
1479,2022-10-16,West,Electronics,Laptop,3,210.81,632.4300000000001,2022-10
1480,2022-09-11,North,Office Supplies,Notebook,7,210.81,1475.67,2022-09
1481,2022-08-10,South,Electronics,Phone,7,210.81,1475.67,2022-08
1482,2022-12-23,South,Office Supplies,Phone,6,210.81,1264.8600000000001,2022-12
1483,2022-01-23,North,Office Supplies,Printer,6,210.81,1264.8600000000001,2022-01
1484,2022-09-07,North,Office Supplies,Phone,2,210.81,421.62,2022-09
1485,2022-01-10,North,Electronics,Monitor,6,210.81,1264.8600000000001,2022-01
1486,2022-09-03,South,Electronics,Phone,4,210.81,843.24,2022-09
1487,2022-11-21,South,Furniture,Chair,3,210.81,632.4300000000001,2022-11
1488,2022-04-10,West,Office Supplies,Printer,2,210.81,421.62,2022-04
1489,2022-10-17,East,Furniture,Monitor,1,210.81,210.81,2022-10
1490,2022-06-29,North,Furniture,Pen,5,210.81,1054.05,2022-06
1491,2022-08-11,South,Electronics,Pen,2,210.81,421.62,2022-08
1492,2022-09-07,South,Electronics,Pen,2,210.81,421.62,2022-09
1493,2022-05-27,North,Furniture,Pen,7,210.81,1475.67,2022-05
1494,2022-04-06,East,Office Supplies,Chair,8,210.81,1686.48,2022-04
1495,2022-09-14,North,Electronics,Phone,8,210.81,1686.48,2022-09
1496,2022-11-21,East,Office Supplies,Laptop,4,210.81,843.24,2022-11
1497,2022-01-04,South,Office Supplies,Monitor,1,210.81,210.81,2022-01
1498,2022-01-16,East,Furniture,Chair,7,210.81,1475.67,2022-01
1499,2022-10-07,West,Furniture,Pen,1,210.81,210.81,2022-10
1500,2022-12-02,South,Furniture,Notebook,4,210.81,843.24,2022-12
1501,2022-09-04,West,Furniture,Phone,8,210.81,1686.48,2022-09
1502,2022-09-15,North,Electronics,Laptop,2,210.81,421.62,2022-09
1503,2022-06-09,North,Electronics,Notebook,6,210.81,1264.8600000000001,2022-06
1504,2022-12-06,North,Furniture,Printer,6,210.81,1264.8600000000001,2022-12
1505,2022-06-01,East,Electronics,Notebook,9,210.81,1897.29,2022-06
1506,2022-06-27,South,Furniture,Printer,5,210.81,1054.05,2022-06
1507,2022-06-12,North,Office Supplies,Printer,4,210.81,843.24,2022-06
1508,2022-02-02,North,Office Supplies,Pen,5,210.81,1054.05,2022-02
1509,2022-06-28,South,Office Supplies,Printer,5,210.81,1054.05,2022-06
1510,2022-04-11,North,Furniture,Desk,8,210.81,1686.48,2022-04
1511,2022-09-25,West,Office Supplies,Monitor,8,210.81,1686.48,2022-09
1512,2022-11-19,South,Electronics,Monitor,2,210.81,421.62,2022-11
1513,2022-03-06,South,Office Supplies,Pen,7,210.81,1475.67,2022-03
1514,2022-06-17,South,Office Supplies,Desk,8,210.81,1686.48,2022-06
1515,2022-11-26,West,Office Supplies,Notebook,6,210.81,1264.8600000000001,2022-11
1516,2022-02-12,South,Electronics,Chair,5,210.81,1054.05,2022-02
1517,2022-02-13,West,Furniture,Notebook,9,210.81,1897.29,2022-02
1518,2022-10-12,South,Electronics,Phone,3,210.81,632.4300000000001,2022-10
1519,2022-01-12,East,Furniture,Chair,4,210.81,843.24,2022-01
1520,2022-04-05,North,Furniture,Printer,9,210.81,1897.29,2022-04
1521,2022-10-29,East,Office Supplies,Laptop,6,210.81,1264.8600000000001,2022-10
1522,2022-09-10,North,Furniture,Chair,8,210.81,1686.48,2022-09
1523,2022-08-30,West,Electronics,Laptop,7,210.81,1475.67,2022-08
1524,2022-02-04,East,Electronics,Monitor,2,210.81,421.62,2022-02
1525,2022-08-03,South,Furniture,Laptop,3,210.81,632.4300000000001,2022-08
1526,2022-12-03,North,Office Supplies,Monitor,1,210.81,210.81,2022-12
1527,2022-03-31,North,Office Supplies,Desk,9,210.81,1897.29,2022-03
1528,2022-09-21,East,Electronics,Desk,7,210.81,1475.67,2022-09
1529,2022-04-03,West,Office Supplies,Pen,1,210.81,210.81,2022-04
1530,2022-03-31,East,Furniture,Pen,3,210.81,632.4300000000001,2022-03
1531,2022-04-25,West,Furniture,Printer,4,210.81,843.24,2022-04
1532,2022-04-15,West,Electronics,Chair,4,210.81,843.24,2022-04
1533,2022-07-15,North,Furniture,Printer,5,210.81,1054.05,2022-07
1534,2022-11-10,East,Electronics,Monitor,3,210.81,632.4300000000001,2022-11
1535,2022-04-24,East,Furniture,Printer,3,210.81,632.4300000000001,2022-04
1536,2022-03-16,West,Electronics,Laptop,1,210.81,210.81,2022-03
1537,2022-08-05,East,Office Supplies,Monitor,7,210.81,1475.67,2022-08
1538,2022-10-04,South,Furniture,Pen,1,210.81,210.81,2022-10
1539,2022-09-06,South,Furniture,Desk,2,210.81,421.62,2022-09
1540,2022-06-13,East,Electronics,Pen,4,210.81,843.24,2022-06
1541,2022-12-23,East,Electronics,Chair,4,210.81,843.24,2022-12
1542,2022-07-11,West,Furniture,Monitor,5,210.81,1054.05,2022-07
1543,2022-08-15,South,Electronics,Monitor,2,210.81,421.62,2022-08
1544,2022-06-26,South,Furniture,Laptop,4,210.81,843.24,2022-06
1545,2022-04-09,North,Office Supplies,Chair,1,210.81,210.81,2022-04
1546,2022-02-05,West,Electronics,Desk,2,210.81,421.62,2022-02
1547,2022-04-06,North,Furniture,Notebook,1,210.81,210.81,2022-04
1548,2022-06-01,South,Office Supplies,Monitor,4,210.81,843.24,2022-06
1549,2022-05-31,West,Office Supplies,Monitor,4,210.81,843.24,2022-05
1550,2022-07-09,East,Furniture,Laptop,7,210.81,1475.67,2022-07
1551,2022-08-12,West,Electronics,Printer,9,210.81,1897.29,2022-08
1552,2022-02-06,East,Furniture,Phone,9,210.81,1897.29,2022-02
1553,2022-09-25,East,Office Supplies,Desk,5,210.81,1054.05,2022-09
1554,2022-07-02,West,Furniture,Pen,1,210.81,210.81,2022-07
1555,2022-01-13,East,Electronics,Chair,1,210.81,210.81,2022-01
1556,2022-10-06,North,Office Supplies,Monitor,6,210.81,1264.8600000000001,2022-10
1557,2022-08-05,South,Furniture,Monitor,2,210.81,421.62,2022-08
1558,2022-12-21,East,Electronics,Pen,8,210.81,1686.48,2022-12
1559,2022-12-27,North,Office Supplies,Desk,9,210.81,1897.29,2022-12
1560,2022-10-13,East,Electronics,Phone,4,210.81,843.24,2022-10
1561,2022-09-30,South,Office Supplies,Printer,5,210.81,1054.05,2022-09
1562,2022-03-03,North,Furniture,Monitor,8,210.81,1686.48,2022-03
1563,2022-03-25,South,Electronics,Phone,3,210.81,632.4300000000001,2022-03
1564,2022-08-05,South,Office Supplies,Desk,5,210.81,1054.05,2022-08
1565,2022-12-08,North,Electronics,Pen,3,210.81,632.4300000000001,2022-12
1566,2022-07-06,North,Electronics,Laptop,3,210.81,632.4300000000001,2022-07
1567,2022-01-19,North,Furniture,Printer,3,210.81,632.4300000000001,2022-01
1568,2022-06-26,West,Electronics,Chair,7,210.81,1475.67,2022-06
1569,2022-04-10,North,Office Supplies,Monitor,7,210.81,1475.67,2022-04
1570,2022-08-21,North,Office Supplies,Desk,7,210.81,1475.67,2022-08
1571,2022-03-17,North,Office Supplies,Laptop,8,210.81,1686.48,2022-03
1572,2022-09-22,North,Office Supplies,Chair,5,210.81,1054.05,2022-09
1573,2022-10-11,East,Furniture,Notebook,5,210.81,1054.05,2022-10
1574,2022-07-25,West,Electronics,Desk,4,210.81,843.24,2022-07
1575,2022-08-11,South,Furniture,Desk,7,210.81,1475.67,2022-08
1576,2022-02-21,North,Electronics,Chair,4,210.81,843.24,2022-02
1577,2022-12-05,East,Electronics,Laptop,2,210.81,421.62,2022-12
1578,2022-05-24,East,Electronics,Notebook,4,210.81,843.24,2022-05
1579,2022-03-10,East,Furniture,Phone,8,210.81,1686.48,2022-03
1580,2022-04-09,South,Electronics,Phone,9,210.81,1897.29,2022-04
1581,2022-01-25,North,Furniture,Pen,3,210.81,632.4300000000001,2022-01
1582,2022-02-22,West,Office Supplies,Laptop,7,210.81,1475.67,2022-02
1583,2022-05-31,West,Office Supplies,Printer,9,210.81,1897.29,2022-05
1584,2022-05-24,East,Electronics,Monitor,4,210.81,843.24,2022-05
1585,2022-02-26,South,Furniture,Chair,3,210.81,632.4300000000001,2022-02
1586,2022-02-08,South,Office Supplies,Pen,5,210.81,1054.05,2022-02
1587,2022-04-19,South,Furniture,Notebook,1,210.81,210.81,2022-04
1588,2022-06-30,West,Furniture,Chair,3,210.81,632.4300000000001,2022-06
1589,2022-02-11,East,Electronics,Chair,8,210.81,1686.48,2022-02
1590,2022-07-05,North,Office Supplies,Laptop,8,210.81,1686.48,2022-07
1591,2022-08-11,West,Electronics,Monitor,4,210.81,843.24,2022-08
1592,2022-05-02,East,Electronics,Printer,2,210.81,421.62,2022-05
1593,2022-05-13,East,Office Supplies,Phone,8,210.81,1686.48,2022-05
1594,2022-06-12,North,Office Supplies,Desk,8,210.81,1686.48,2022-06
1595,2022-08-03,North,Furniture,Desk,4,210.81,843.24,2022-08
1596,2022-08-09,North,Office Supplies,Chair,3,210.81,632.4300000000001,2022-08
1597,2022-08-23,South,Furniture,Phone,2,210.81,421.62,2022-08
1598,2022-11-27,North,Furniture,Phone,9,210.81,1897.29,2022-11
1599,2022-05-26,East,Furniture,Monitor,1,210.81,210.81,2022-05
1600,2022-08-27,North,Office Supplies,Notebook,7,210.81,1475.67,2022-08
1601,2022-03-17,East,Electronics,Notebook,5,210.81,1054.05,2022-03
1602,2022-01-09,West,Furniture,Pen,8,210.81,1686.48,2022-01
1603,2022-03-15,South,Electronics,Laptop,4,210.81,843.24,2022-03
1604,2022-09-10,West,Electronics,Monitor,7,210.81,1475.67,2022-09
1605,2022-08-18,West,Office Supplies,Monitor,5,210.81,1054.05,2022-08
1606,2022-01-07,East,Electronics,Laptop,5,210.81,1054.05,2022-01
1607,2022-06-23,West,Electronics,Phone,9,210.81,1897.29,2022-06
1608,2022-05-21,East,Office Supplies,Notebook,9,210.81,1897.29,2022-05
1609,2022-06-17,North,Furniture,Notebook,9,210.81,1897.29,2022-06
1610,2022-06-19,North,Electronics,Phone,6,210.81,1264.8600000000001,2022-06
1611,2022-10-10,East,Office Supplies,Notebook,6,210.81,1264.8600000000001,2022-10
1612,2022-05-02,North,Electronics,Chair,5,210.81,1054.05,2022-05
1613,2022-07-13,South,Electronics,Monitor,9,210.81,1897.29,2022-07
1614,2022-01-05,West,Furniture,Desk,8,210.81,1686.48,2022-01
1615,2022-01-29,South,Electronics,Laptop,7,210.81,1475.67,2022-01
1616,2022-06-14,West,Office Supplies,Notebook,7,210.81,1475.67,2022-06
1617,2022-12-05,North,Electronics,Pen,6,210.81,1264.8600000000001,2022-12
1618,2022-05-16,South,Furniture,Notebook,5,210.81,1054.05,2022-05
1619,2022-12-31,North,Furniture,Notebook,4,210.81,843.24,2022-12
1620,2022-11-17,West,Office Supplies,Printer,3,210.81,632.4300000000001,2022-11
1621,2022-12-08,East,Furniture,Chair,3,210.81,632.4300000000001,2022-12
1622,2022-05-25,East,Electronics,Laptop,6,210.81,1264.8600000000001,2022-05
1623,2022-11-23,South,Furniture,Printer,4,210.81,843.24,2022-11
1624,2022-08-05,North,Office Supplies,Printer,6,210.81,1264.8600000000001,2022-08
1625,2022-10-28,North,Furniture,Pen,3,210.81,632.4300000000001,2022-10
1626,2022-05-12,South,Furniture,Monitor,4,210.81,843.24,2022-05
1627,2022-10-19,East,Furniture,Pen,9,210.81,1897.29,2022-10
1628,2022-03-11,West,Office Supplies,Monitor,5,210.81,1054.05,2022-03
1629,2022-09-09,South,Furniture,Monitor,7,210.81,1475.67,2022-09
1630,2022-10-02,West,Furniture,Laptop,2,210.81,421.62,2022-10
1631,2022-12-30,East,Electronics,Notebook,5,210.81,1054.05,2022-12
1632,2022-07-01,North,Office Supplies,Laptop,9,210.81,1897.29,2022-07
1633,2022-06-16,East,Furniture,Chair,3,210.81,632.4300000000001,2022-06
1634,2022-04-01,South,Office Supplies,Monitor,9,210.81,1897.29,2022-04
1635,2022-07-21,North,Furniture,Printer,6,210.81,1264.8600000000001,2022-07
1636,2022-12-12,South,Furniture,Notebook,4,210.81,843.24,2022-12
1637,2022-01-19,South,Furniture,Desk,7,210.81,1475.67,2022-01
1638,2022-02-08,East,Electronics,Chair,8,210.81,1686.48,2022-02
1639,2022-05-06,South,Electronics,Laptop,6,210.81,1264.8600000000001,2022-05
1640,2022-06-22,East,Electronics,Pen,5,210.81,1054.05,2022-06
1641,2022-05-21,North,Office Supplies,Chair,6,210.81,1264.8600000000001,2022-05
1642,2022-08-30,East,Office Supplies,Chair,5,210.81,1054.05,2022-08
1643,2022-08-08,North,Electronics,Notebook,8,210.81,1686.48,2022-08
1644,2022-05-06,East,Office Supplies,Chair,1,210.81,210.81,2022-05
1645,2022-02-27,West,Furniture,Chair,7,210.81,1475.67,2022-02
1646,2022-05-28,West,Furniture,Desk,2,210.81,421.62,2022-05
1647,2022-11-13,South,Furniture,Phone,9,210.81,1897.29,2022-11
1648,2022-12-27,East,Electronics,Pen,1,210.81,210.81,2022-12
1649,2022-01-01,East,Office Supplies,Pen,6,210.81,1264.8600000000001,2022-01
1650,2022-12-14,North,Electronics,Pen,9,210.81,1897.29,2022-12
1651,2022-07-09,South,Office Supplies,Monitor,1,210.81,210.81,2022-07
1652,2022-07-10,East,Furniture,Printer,4,210.81,843.24,2022-07
1653,2022-11-08,South,Electronics,Phone,4,210.81,843.24,2022-11
1654,2022-04-27,West,Office Supplies,Pen,9,210.81,1897.29,2022-04
1655,2022-05-14,East,Office Supplies,Chair,5,210.81,1054.05,2022-05
1656,2022-02-27,East,Furniture,Chair,5,210.81,1054.05,2022-02
1657,2022-02-13,South,Electronics,Pen,6,210.81,1264.8600000000001,2022-02
1658,2022-06-22,East,Electronics,Notebook,1,210.81,210.81,2022-06
1659,2022-06-09,South,Electronics,Pen,1,210.81,210.81,2022-06
1660,2022-06-22,East,Furniture,Chair,9,210.81,1897.29,2022-06
1661,2022-11-13,North,Electronics,Monitor,3,210.81,632.4300000000001,2022-11
1662,2022-10-30,South,Furniture,Laptop,4,210.81,843.24,2022-10
1663,2022-05-29,East,Furniture,Laptop,1,210.81,210.81,2022-05
1664,2022-03-21,West,Furniture,Phone,9,210.81,1897.29,2022-03
1665,2022-08-01,East,Office Supplies,Phone,8,210.81,1686.48,2022-08
1666,2022-07-22,West,Electronics,Pen,2,210.81,421.62,2022-07
1667,2022-09-09,West,Electronics,Desk,8,210.81,1686.48,2022-09
1668,2022-08-17,North,Furniture,Pen,7,210.81,1475.67,2022-08
1669,2022-06-13,South,Furniture,Notebook,6,210.81,1264.8600000000001,2022-06
1670,2022-08-15,East,Electronics,Pen,1,210.81,210.81,2022-08
1671,2022-05-27,North,Furniture,Phone,7,210.81,1475.67,2022-05
1672,2022-01-20,East,Electronics,Laptop,7,210.81,1475.67,2022-01
1673,2022-02-16,West,Office Supplies,Chair,9,210.81,1897.29,2022-02
1674,2022-08-21,South,Furniture,Pen,1,210.81,210.81,2022-08
1675,2022-11-01,East,Electronics,Chair,2,210.81,421.62,2022-11
1676,2022-01-14,East,Furniture,Chair,9,210.81,1897.29,2022-01
1677,2022-05-23,West,Electronics,Desk,9,210.81,1897.29,2022-05
1678,2022-01-01,East,Electronics,Chair,6,210.81,1264.8600000000001,2022-01
1679,2022-02-23,East,Furniture,Laptop,6,210.81,1264.8600000000001,2022-02
1680,2022-09-16,West,Office Supplies,Monitor,4,210.81,843.24,2022-09
1681,2022-05-24,North,Electronics,Monitor,4,210.81,843.24,2022-05
1682,2022-01-12,West,Electronics,Printer,5,210.81,1054.05,2022-01
1683,2022-11-26,North,Electronics,Notebook,3,210.81,632.4300000000001,2022-11
1684,2022-08-12,South,Office Supplies,Pen,1,210.81,210.81,2022-08
1685,2022-09-29,North,Office Supplies,Notebook,1,210.81,210.81,2022-09
1686,2022-12-24,North,Furniture,Laptop,7,210.81,1475.67,2022-12
1687,2022-06-05,South,Office Supplies,Chair,1,210.81,210.81,2022-06
1688,2022-01-08,North,Furniture,Monitor,1,210.81,210.81,2022-01
1689,2022-05-02,West,Furniture,Notebook,3,210.81,632.4300000000001,2022-05
1690,2022-12-14,North,Office Supplies,Laptop,4,210.81,843.24,2022-12
1691,2022-06-13,South,Furniture,Monitor,4,210.81,843.24,2022-06
1692,2022-03-31,West,Office Supplies,Chair,2,210.81,421.62,2022-03
1693,2022-05-16,South,Furniture,Notebook,1,210.81,210.81,2022-05
1694,2022-07-05,South,Office Supplies,Monitor,3,210.81,632.4300000000001,2022-07
1695,2022-11-12,East,Office Supplies,Pen,4,210.81,843.24,2022-11
1696,2022-06-27,East,Furniture,Phone,3,210.81,632.4300000000001,2022-06
1697,2022-01-28,South,Electronics,Pen,8,210.81,1686.48,2022-01
1698,2022-08-08,South,Furniture,Printer,1,210.81,210.81,2022-08
1699,2022-12-23,South,Office Supplies,Printer,2,210.81,421.62,2022-12
1700,2022-02-10,East,Electronics,Monitor,7,210.81,1475.67,2022-02
1701,2022-08-16,East,Furniture,Phone,4,210.81,843.24,2022-08
1702,2022-07-11,North,Furniture,Laptop,8,210.81,1686.48,2022-07
1703,2022-05-25,North,Furniture,Pen,3,210.81,632.4300000000001,2022-05
1704,2022-07-20,South,Electronics,Laptop,6,210.81,1264.8600000000001,2022-07
1705,2022-07-31,West,Office Supplies,Phone,9,210.81,1897.29,2022-07
1706,2022-08-08,West,Furniture,Laptop,1,210.81,210.81,2022-08
1707,2022-08-28,East,Furniture,Phone,1,210.81,210.81,2022-08
1708,2022-02-15,East,Furniture,Monitor,8,210.81,1686.48,2022-02
1709,2022-02-04,East,Furniture,Laptop,3,210.81,632.4300000000001,2022-02
1710,2022-09-10,South,Furniture,Pen,5,210.81,1054.05,2022-09
1711,2022-03-23,West,Office Supplies,Chair,1,210.81,210.81,2022-03
1712,2022-09-13,North,Office Supplies,Printer,5,210.81,1054.05,2022-09
1713,2022-07-16,South,Furniture,Chair,6,210.81,1264.8600000000001,2022-07
1714,2022-10-30,North,Electronics,Laptop,8,210.81,1686.48,2022-10
1715,2022-01-10,North,Office Supplies,Chair,3,210.81,632.4300000000001,2022-01
1716,2022-11-08,South,Electronics,Pen,3,210.81,632.4300000000001,2022-11
1717,2022-10-13,North,Office Supplies,Pen,9,210.81,1897.29,2022-10
1718,2022-08-30,West,Furniture,Laptop,4,210.81,843.24,2022-08
1719,2022-09-08,North,Office Supplies,Monitor,4,210.81,843.24,2022-09
1720,2022-12-31,West,Furniture,Chair,7,210.81,1475.67,2022-12
1721,2022-01-05,West,Office Supplies,Monitor,2,210.81,421.62,2022-01
1722,2022-04-29,West,Furniture,Monitor,8,210.81,1686.48,2022-04
1723,2022-10-16,East,Furniture,Phone,6,210.81,1264.8600000000001,2022-10
1724,2022-03-06,North,Furniture,Desk,3,210.81,632.4300000000001,2022-03
1725,2022-05-26,South,Furniture,Laptop,9,210.81,1897.29,2022-05
1726,2022-08-12,South,Electronics,Printer,5,210.81,1054.05,2022-08
1727,2022-08-27,North,Furniture,Pen,8,210.81,1686.48,2022-08
1728,2022-06-26,East,Electronics,Pen,7,210.81,1475.67,2022-06
1729,2022-09-24,East,Electronics,Laptop,8,210.81,1686.48,2022-09
1730,2022-12-07,West,Furniture,Phone,7,210.81,1475.67,2022-12
1731,2022-10-09,North,Electronics,Notebook,3,210.81,632.4300000000001,2022-10
1732,2022-03-04,North,Office Supplies,Notebook,2,210.81,421.62,2022-03
1733,2022-08-05,South,Furniture,Notebook,7,210.81,1475.67,2022-08
1734,2022-12-08,North,Electronics,Phone,3,210.81,632.4300000000001,2022-12
1735,2022-11-11,East,Furniture,Printer,3,210.81,632.4300000000001,2022-11
1736,2022-10-10,North,Furniture,Pen,2,210.81,421.62,2022-10
1737,2022-06-26,South,Furniture,Laptop,4,210.81,843.24,2022-06
1738,2022-04-08,West,Electronics,Phone,8,210.81,1686.48,2022-04
1739,2022-04-15,South,Office Supplies,Pen,1,210.81,210.81,2022-04
1740,2022-04-09,South,Office Supplies,Monitor,1,210.81,210.81,2022-04
1741,2022-11-07,West,Electronics,Chair,5,210.81,1054.05,2022-11
1742,2022-01-06,South,Furniture,Chair,5,210.81,1054.05,2022-01
1743,2022-07-16,South,Electronics,Phone,1,210.81,210.81,2022-07
1744,2022-12-17,North,Electronics,Pen,6,210.81,1264.8600000000001,2022-12
1745,2022-05-13,North,Electronics,Desk,1,210.81,210.81,2022-05
1746,2022-12-24,West,Furniture,Printer,5,210.81,1054.05,2022-12
1747,2022-09-16,North,Electronics,Notebook,9,210.81,1897.29,2022-09
1748,2022-01-23,North,Furniture,Printer,5,210.81,1054.05,2022-01
1749,2022-02-22,South,Electronics,Printer,6,210.81,1264.8600000000001,2022-02
1750,2022-06-14,East,Office Supplies,Phone,8,210.81,1686.48,2022-06
1751,2022-07-21,North,Electronics,Monitor,1,210.81,210.81,2022-07
1752,2022-03-24,East,Electronics,Printer,2,210.81,421.62,2022-03
1753,2022-05-25,North,Office Supplies,Chair,9,210.81,1897.29,2022-05
1754,2022-03-26,North,Furniture,Monitor,3,210.81,632.4300000000001,2022-03
1755,2022-03-19,West,Furniture,Laptop,6,210.81,1264.8600000000001,2022-03
1756,2022-01-01,West,Electronics,Printer,5,210.81,1054.05,2022-01
1757,2022-02-20,West,Office Supplies,Printer,2,210.81,421.62,2022-02
1758,2022-06-22,East,Furniture,Laptop,7,210.81,1475.67,2022-06
1759,2022-07-24,South,Electronics,Printer,4,210.81,843.24,2022-07
1760,2022-09-17,North,Office Supplies,Laptop,1,210.81,210.81,2022-09
1761,2022-10-15,North,Furniture,Monitor,4,210.81,843.24,2022-10
1762,2022-02-03,North,Furniture,Chair,6,210.81,1264.8600000000001,2022-02
1763,2022-12-14,East,Office Supplies,Laptop,7,210.81,1475.67,2022-12
1764,2022-04-05,West,Office Supplies,Desk,7,210.81,1475.67,2022-04
1765,2022-03-13,South,Office Supplies,Phone,7,210.81,1475.67,2022-03
1766,2022-02-08,East,Office Supplies,Phone,3,210.81,632.4300000000001,2022-02
1767,2022-06-03,West,Electronics,Laptop,6,210.81,1264.8600000000001,2022-06
1768,2022-09-07,East,Office Supplies,Phone,8,210.81,1686.48,2022-09
1769,2022-06-11,South,Furniture,Printer,4,210.81,843.24,2022-06
1770,2022-04-28,West,Furniture,Notebook,8,210.81,1686.48,2022-04
1771,2022-09-16,East,Electronics,Notebook,2,210.81,421.62,2022-09
1772,2022-11-02,South,Furniture,Phone,9,210.81,1897.29,2022-11
1773,2022-09-25,North,Furniture,Monitor,9,210.81,1897.29,2022-09
1774,2022-02-23,South,Office Supplies,Pen,8,210.81,1686.48,2022-02
1775,2022-08-24,North,Furniture,Monitor,1,210.81,210.81,2022-08
1776,2022-08-10,East,Electronics,Pen,2,210.81,421.62,2022-08
1777,2022-09-08,West,Office Supplies,Notebook,6,210.81,1264.8600000000001,2022-09
1778,2022-11-09,West,Office Supplies,Notebook,5,210.81,1054.05,2022-11
1779,2022-04-22,East,Electronics,Laptop,9,210.81,1897.29,2022-04
1780,2022-09-12,West,Office Supplies,Chair,5,210.81,1054.05,2022-09
1781,2022-10-30,West,Office Supplies,Desk,2,210.81,421.62,2022-10
1782,2022-07-26,North,Electronics,Monitor,4,210.81,843.24,2022-07
1783,2022-08-17,East,Office Supplies,Printer,9,210.81,1897.29,2022-08
1784,2022-12-07,South,Electronics,Pen,1,210.81,210.81,2022-12
1785,2022-03-07,North,Electronics,Phone,1,210.81,210.81,2022-03
1786,2022-03-16,East,Furniture,Printer,7,210.81,1475.67,2022-03
1787,2022-04-13,North,Furniture,Chair,3,210.81,632.4300000000001,2022-04
1788,2022-07-11,South,Office Supplies,Pen,2,210.81,421.62,2022-07
1789,2022-09-09,South,Office Supplies,Monitor,9,210.81,1897.29,2022-09
1790,2022-08-14,East,Electronics,Laptop,3,210.81,632.4300000000001,2022-08
1791,2022-10-21,South,Office Supplies,Printer,2,210.81,421.62,2022-10
1792,2022-11-02,North,Electronics,Chair,8,210.81,1686.48,2022-11
1793,2022-04-08,South,Electronics,Monitor,6,210.81,1264.8600000000001,2022-04
1794,2022-12-04,North,Office Supplies,Notebook,6,210.81,1264.8600000000001,2022-12
1795,2022-10-13,North,Electronics,Notebook,7,210.81,1475.67,2022-10
1796,2022-12-01,South,Furniture,Monitor,7,210.81,1475.67,2022-12
1797,2022-12-13,East,Office Supplies,Monitor,6,210.81,1264.8600000000001,2022-12
1798,2022-11-04,West,Furniture,Monitor,4,210.81,843.24,2022-11
1799,2022-09-06,South,Office Supplies,Pen,9,210.81,1897.29,2022-09
1800,2022-06-15,North,Electronics,Monitor,6,210.81,1264.8600000000001,2022-06
1801,2022-12-01,North,Office Supplies,Printer,4,210.81,843.24,2022-12
1802,2022-01-30,South,Furniture,Chair,3,210.81,632.4300000000001,2022-01
1803,2022-09-04,East,Electronics,Pen,4,210.81,843.24,2022-09
1804,2022-04-16,East,Office Supplies,Monitor,3,210.81,632.4300000000001,2022-04
1805,2022-02-20,North,Office Supplies,Desk,2,210.81,421.62,2022-02
1806,2022-03-22,North,Office Supplies,Phone,5,210.81,1054.05,2022-03
1807,2022-05-13,East,Furniture,Desk,2,210.81,421.62,2022-05
1808,2022-10-12,West,Furniture,Chair,6,210.81,1264.8600000000001,2022-10
1809,2022-05-18,South,Office Supplies,Notebook,3,210.81,632.4300000000001,2022-05
1810,2022-07-03,North,Electronics,Laptop,6,210.81,1264.8600000000001,2022-07
1811,2022-11-26,North,Electronics,Laptop,9,210.81,1897.29,2022-11
1812,2022-09-30,East,Furniture,Phone,1,210.81,210.81,2022-09
1813,2022-12-06,South,Electronics,Notebook,6,210.81,1264.8600000000001,2022-12
1814,2022-03-10,East,Furniture,Pen,9,210.81,1897.29,2022-03
1815,2022-02-03,South,Office Supplies,Pen,4,210.81,843.24,2022-02
1816,2022-09-19,South,Furniture,Pen,2,210.81,421.62,2022-09
1817,2022-02-22,South,Furniture,Laptop,4,210.81,843.24,2022-02
1818,2022-07-24,North,Office Supplies,Desk,1,210.81,210.81,2022-07
1819,2022-05-06,West,Electronics,Laptop,3,210.81,632.4300000000001,2022-05
1820,2022-08-23,East,Furniture,Printer,9,210.81,1897.29,2022-08
1821,2022-02-12,West,Furniture,Monitor,5,210.81,1054.05,2022-02
1822,2022-08-28,East,Office Supplies,Pen,6,210.81,1264.8600000000001,2022-08
1823,2022-04-21,South,Electronics,Desk,3,210.81,632.4300000000001,2022-04
1824,2022-09-06,North,Furniture,Chair,5,210.81,1054.05,2022-09
1825,2022-05-31,West,Office Supplies,Phone,8,210.81,1686.48,2022-05
1826,2022-07-02,North,Furniture,Chair,6,210.81,1264.8600000000001,2022-07
1827,2022-12-02,East,Office Supplies,Monitor,4,210.81,843.24,2022-12
1828,2022-04-05,North,Electronics,Desk,2,210.81,421.62,2022-04
1829,2022-01-08,North,Electronics,Laptop,9,210.81,1897.29,2022-01
1830,2022-12-26,West,Electronics,Laptop,1,210.81,210.81,2022-12
1831,2022-07-03,South,Electronics,Printer,1,210.81,210.81,2022-07
1832,2022-10-08,North,Furniture,Printer,4,210.81,843.24,2022-10
1833,2022-07-14,South,Furniture,Laptop,7,210.81,1475.67,2022-07
1834,2022-12-18,East,Electronics,Chair,1,210.81,210.81,2022-12
1835,2022-07-14,North,Electronics,Phone,9,210.81,1897.29,2022-07
1836,2022-06-04,West,Electronics,Pen,4,210.81,843.24,2022-06
1837,2022-04-03,East,Furniture,Chair,3,210.81,632.4300000000001,2022-04
1838,2022-06-09,East,Electronics,Phone,1,210.81,210.81,2022-06
1839,2022-03-02,West,Electronics,Printer,4,210.81,843.24,2022-03
1840,2022-05-02,North,Electronics,Monitor,9,210.81,1897.29,2022-05
1841,2022-02-20,North,Office Supplies,Phone,6,210.81,1264.8600000000001,2022-02
1842,2022-10-04,East,Electronics,Laptop,6,210.81,1264.8600000000001,2022-10
1843,2022-01-05,North,Office Supplies,Printer,1,210.81,210.81,2022-01
1844,2022-04-02,South,Office Supplies,Printer,2,210.81,421.62,2022-04
1845,2022-06-19,West,Electronics,Pen,6,210.81,1264.8600000000001,2022-06
1846,2022-11-13,South,Office Supplies,Laptop,2,210.81,421.62,2022-11
1847,2022-01-22,North,Electronics,Pen,3,210.81,632.4300000000001,2022-01
1848,2022-11-22,East,Furniture,Laptop,4,210.81,843.24,2022-11
1849,2022-01-01,West,Furniture,Pen,5,210.81,1054.05,2022-01
1850,2022-05-13,North,Furniture,Phone,9,210.81,1897.29,2022-05
1851,2022-08-21,North,Furniture,Chair,4,210.81,843.24,2022-08
1852,2022-01-12,East,Office Supplies,Monitor,9,210.81,1897.29,2022-01
1853,2022-12-12,East,Electronics,Monitor,3,210.81,632.4300000000001,2022-12
1854,2022-02-15,South,Electronics,Laptop,8,210.81,1686.48,2022-02
1855,2022-02-03,West,Electronics,Desk,1,210.81,210.81,2022-02
1856,2022-03-19,West,Furniture,Notebook,9,210.81,1897.29,2022-03
1857,2022-08-06,East,Furniture,Printer,9,210.81,1897.29,2022-08
1858,2022-10-28,South,Electronics,Printer,2,210.81,421.62,2022-10
1859,2022-03-14,West,Furniture,Laptop,4,210.81,843.24,2022-03
1860,2022-10-09,East,Electronics,Phone,8,210.81,1686.48,2022-10
1861,2022-09-06,North,Electronics,Pen,7,210.81,1475.67,2022-09
1862,2022-02-16,West,Electronics,Desk,1,210.81,210.81,2022-02
1863,2022-05-01,South,Electronics,Chair,5,210.81,1054.05,2022-05
1864,2022-08-02,South,Electronics,Pen,7,210.81,1475.67,2022-08
1865,2022-08-27,South,Electronics,Pen,4,210.81,843.24,2022-08
1866,2022-02-25,North,Electronics,Laptop,1,210.81,210.81,2022-02
1867,2022-12-16,West,Furniture,Laptop,9,210.81,1897.29,2022-12
1868,2022-04-17,West,Electronics,Phone,5,210.81,1054.05,2022-04
1869,2022-11-15,North,Electronics,Printer,2,210.81,421.62,2022-11
1870,2022-02-17,West,Furniture,Laptop,8,210.81,1686.48,2022-02
1871,2022-03-02,North,Furniture,Laptop,2,210.81,421.62,2022-03
1872,2022-12-03,North,Furniture,Laptop,3,210.81,632.4300000000001,2022-12
1873,2022-01-26,North,Electronics,Phone,1,210.81,210.81,2022-01
1874,2022-10-19,South,Office Supplies,Printer,2,210.81,421.62,2022-10
1875,2022-09-14,West,Office Supplies,Chair,7,210.81,1475.67,2022-09
1876,2022-01-08,North,Furniture,Chair,2,210.81,421.62,2022-01
1877,2022-04-23,West,Office Supplies,Notebook,6,210.81,1264.8600000000001,2022-04
1878,2022-12-21,South,Furniture,Notebook,3,210.81,632.4300000000001,2022-12
1879,2022-09-10,North,Electronics,Laptop,4,210.81,843.24,2022-09
1880,2022-06-29,East,Office Supplies,Notebook,8,210.81,1686.48,2022-06
1881,2022-07-26,South,Electronics,Printer,3,210.81,632.4300000000001,2022-07
1882,2022-10-30,East,Office Supplies,Phone,6,210.81,1264.8600000000001,2022-10
1883,2022-05-07,West,Electronics,Chair,1,210.81,210.81,2022-05
1884,2022-02-25,West,Office Supplies,Pen,7,210.81,1475.67,2022-02
1885,2022-08-02,South,Electronics,Chair,8,210.81,1686.48,2022-08
1886,2022-01-14,West,Electronics,Chair,8,210.81,1686.48,2022-01
1887,2022-01-28,East,Office Supplies,Printer,3,210.81,632.4300000000001,2022-01
1888,2022-03-19,North,Electronics,Notebook,1,210.81,210.81,2022-03
1889,2022-08-04,North,Electronics,Pen,9,210.81,1897.29,2022-08
1890,2022-12-31,North,Electronics,Printer,6,210.81,1264.8600000000001,2022-12
1891,2022-06-03,South,Office Supplies,Laptop,9,210.81,1897.29,2022-06
1892,2022-01-14,West,Office Supplies,Phone,7,210.81,1475.67,2022-01
1893,2022-07-06,East,Electronics,Monitor,1,210.81,210.81,2022-07
1894,2022-11-08,West,Electronics,Chair,1,210.81,210.81,2022-11
1895,2022-01-07,West,Office Supplies,Monitor,6,210.81,1264.8600000000001,2022-01
1896,2022-01-03,West,Office Supplies,Phone,5,210.81,1054.05,2022-01
1897,2022-04-21,North,Electronics,Phone,9,210.81,1897.29,2022-04
1898,2022-08-26,East,Electronics,Printer,2,210.81,421.62,2022-08
1899,2022-12-29,East,Electronics,Printer,8,210.81,1686.48,2022-12
1900,2022-08-27,West,Furniture,Printer,5,210.81,1054.05,2022-08
1901,2022-10-01,North,Office Supplies,Monitor,2,210.81,421.62,2022-10
1902,2022-10-21,North,Furniture,Printer,6,210.81,1264.8600000000001,2022-10
1903,2022-08-15,East,Office Supplies,Phone,8,210.81,1686.48,2022-08
1904,2022-01-15,North,Office Supplies,Laptop,4,210.81,843.24,2022-01
1905,2022-07-11,North,Office Supplies,Printer,2,210.81,421.62,2022-07
1906,2022-04-29,North,Office Supplies,Desk,5,210.81,1054.05,2022-04
1907,2022-01-28,South,Office Supplies,Notebook,2,210.81,421.62,2022-01
1908,2022-07-21,West,Office Supplies,Monitor,2,210.81,421.62,2022-07
1909,2022-02-08,East,Office Supplies,Desk,6,210.81,1264.8600000000001,2022-02
1910,2022-09-30,East,Furniture,Printer,9,210.81,1897.29,2022-09
1911,2022-08-19,South,Electronics,Phone,4,210.81,843.24,2022-08
1912,2022-03-27,West,Electronics,Laptop,6,210.81,1264.8600000000001,2022-03
1913,2022-05-06,East,Furniture,Chair,7,210.81,1475.67,2022-05
1914,2022-10-27,North,Furniture,Pen,6,210.81,1264.8600000000001,2022-10
1915,2022-01-25,East,Furniture,Notebook,8,210.81,1686.48,2022-01
1916,2022-05-25,North,Furniture,Pen,4,210.81,843.24,2022-05
1917,2022-01-13,South,Office Supplies,Printer,1,210.81,210.81,2022-01
1918,2022-07-31,North,Electronics,Notebook,7,210.81,1475.67,2022-07
1919,2022-01-25,East,Office Supplies,Notebook,3,210.81,632.4300000000001,2022-01
1920,2022-03-09,East,Electronics,Laptop,6,210.81,1264.8600000000001,2022-03
1921,2022-03-08,East,Electronics,Notebook,2,210.81,421.62,2022-03
1922,2022-08-21,South,Furniture,Monitor,9,210.81,1897.29,2022-08
1923,2022-04-19,South,Office Supplies,Desk,1,210.81,210.81,2022-04
1924,2022-05-26,West,Furniture,Desk,6,210.81,1264.8600000000001,2022-05
1925,2022-04-21,East,Office Supplies,Desk,6,210.81,1264.8600000000001,2022-04
1926,2022-08-16,North,Electronics,Monitor,5,210.81,1054.05,2022-08
1927,2022-04-21,South,Furniture,Pen,5,210.81,1054.05,2022-04
1928,2022-02-03,East,Furniture,Laptop,1,210.81,210.81,2022-02
1929,2022-04-21,East,Electronics,Notebook,5,210.81,1054.05,2022-04
1930,2022-09-21,South,Electronics,Monitor,2,210.81,421.62,2022-09
1931,2022-08-24,West,Electronics,Desk,7,210.81,1475.67,2022-08
1932,2022-03-24,South,Furniture,Printer,3,210.81,632.4300000000001,2022-03
1933,2022-02-11,South,Office Supplies,Chair,4,210.81,843.24,2022-02
1934,2022-04-11,North,Furniture,Notebook,3,210.81,632.4300000000001,2022-04
1935,2022-01-06,North,Office Supplies,Monitor,3,210.81,632.4300000000001,2022-01
1936,2022-06-29,West,Furniture,Phone,4,210.81,843.24,2022-06
1937,2022-10-09,East,Furniture,Monitor,5,210.81,1054.05,2022-10
1938,2022-11-16,South,Electronics,Laptop,1,210.81,210.81,2022-11
1939,2022-08-14,West,Office Supplies,Laptop,4,210.81,843.24,2022-08
1940,2022-11-11,North,Furniture,Monitor,8,210.81,1686.48,2022-11
1941,2022-12-31,South,Furniture,Desk,7,210.81,1475.67,2022-12
1942,2022-08-17,East,Electronics,Chair,9,210.81,1897.29,2022-08
1943,2022-10-16,North,Electronics,Notebook,5,210.81,1054.05,2022-10
1944,2022-05-30,North,Office Supplies,Laptop,4,210.81,843.24,2022-05
1945,2022-10-04,North,Furniture,Notebook,8,210.81,1686.48,2022-10
1946,2022-07-17,West,Office Supplies,Desk,9,210.81,1897.29,2022-07
1947,2022-03-11,East,Furniture,Notebook,7,210.81,1475.67,2022-03
1948,2022-04-22,South,Office Supplies,Printer,7,210.81,1475.67,2022-04
1949,2022-01-04,West,Electronics,Laptop,5,210.81,1054.05,2022-01
1950,2022-12-16,West,Furniture,Desk,4,210.81,843.24,2022-12
1951,2022-11-27,West,Office Supplies,Desk,1,210.81,210.81,2022-11
1952,2022-11-14,North,Electronics,Chair,7,210.81,1475.67,2022-11
1953,2022-12-16,East,Electronics,Chair,1,210.81,210.81,2022-12
1954,2022-04-05,West,Office Supplies,Printer,1,210.81,210.81,2022-04
1955,2022-06-01,South,Furniture,Desk,5,210.81,1054.05,2022-06
1956,2022-11-07,East,Furniture,Pen,9,210.81,1897.29,2022-11
1957,2022-05-17,South,Electronics,Desk,6,210.81,1264.8600000000001,2022-05
1958,2022-09-04,East,Furniture,Chair,3,210.81,632.4300000000001,2022-09
1959,2022-08-31,South,Furniture,Pen,3,210.81,632.4300000000001,2022-08
1960,2022-01-31,North,Furniture,Laptop,7,210.81,1475.67,2022-01
1961,2022-02-09,West,Electronics,Laptop,6,210.81,1264.8600000000001,2022-02
1962,2022-08-17,South,Office Supplies,Notebook,9,210.81,1897.29,2022-08
1963,2022-02-05,East,Furniture,Monitor,6,210.81,1264.8600000000001,2022-02
1964,2022-08-11,West,Electronics,Chair,5,210.81,1054.05,2022-08
1965,2022-01-06,West,Electronics,Monitor,7,210.81,1475.67,2022-01
1966,2022-11-18,East,Office Supplies,Pen,1,210.81,210.81,2022-11
1967,2022-08-08,South,Furniture,Chair,7,210.81,1475.67,2022-08
1968,2022-03-16,North,Furniture,Printer,3,210.81,632.4300000000001,2022-03
1969,2022-01-04,North,Office Supplies,Desk,9,210.81,1897.29,2022-01
1970,2022-12-01,South,Office Supplies,Printer,6,210.81,1264.8600000000001,2022-12
1971,2022-05-14,West,Electronics,Pen,9,210.81,1897.29,2022-05
1972,2022-04-28,West,Electronics,Chair,5,210.81,1054.05,2022-04
1973,2022-04-04,West,Office Supplies,Phone,7,210.81,1475.67,2022-04
1974,2022-03-03,West,Furniture,Pen,4,210.81,843.24,2022-03
1975,2022-07-13,South,Electronics,Phone,7,210.81,1475.67,2022-07
1976,2022-12-01,West,Electronics,Desk,1,210.81,210.81,2022-12
1977,2022-07-22,East,Furniture,Laptop,7,210.81,1475.67,2022-07
1978,2022-01-26,West,Electronics,Laptop,8,210.81,1686.48,2022-01
1979,2022-06-22,North,Furniture,Pen,5,210.81,1054.05,2022-06
1980,2022-10-27,West,Furniture,Monitor,2,210.81,421.62,2022-10
1981,2022-05-13,South,Furniture,Chair,5,210.81,1054.05,2022-05
1982,2022-11-22,North,Office Supplies,Chair,6,210.81,1264.8600000000001,2022-11
1983,2022-04-28,South,Office Supplies,Laptop,2,210.81,421.62,2022-04
1984,2022-11-20,South,Office Supplies,Notebook,6,210.81,1264.8600000000001,2022-11
1985,2022-10-02,North,Furniture,Printer,6,210.81,1264.8600000000001,2022-10
1986,2022-07-31,South,Furniture,Notebook,1,210.81,210.81,2022-07
1987,2022-08-13,South,Office Supplies,Desk,1,210.81,210.81,2022-08
1988,2022-01-20,West,Electronics,Printer,3,210.81,632.4300000000001,2022-01
1989,2022-04-23,East,Furniture,Printer,3,210.81,632.4300000000001,2022-04
1990,2022-05-20,South,Electronics,Pen,4,210.81,843.24,2022-05
1991,2022-02-16,South,Electronics,Laptop,2,210.81,421.62,2022-02
1992,2022-01-01,South,Furniture,Notebook,9,210.81,1897.29,2022-01
1993,2022-03-31,West,Furniture,Notebook,7,210.81,1475.67,2022-03
1994,2022-05-22,East,Electronics,Laptop,7,210.81,1475.67,2022-05
1995,2022-11-16,North,Electronics,Notebook,6,210.81,1264.8600000000001,2022-11
1996,2022-02-07,West,Office Supplies,Phone,3,210.81,632.4300000000001,2022-02
1997,2022-10-20,West,Office Supplies,Laptop,6,210.81,1264.8600000000001,2022-10
1998,2022-05-19,East,Furniture,Pen,8,210.81,1686.48,2022-05
1999,2022-12-22,East,Office Supplies,Monitor,8,210.81,1686.48,2022-12
2000,2022-11-29,West,Office Supplies,Printer,9,210.81,1897.29,2022-11
